Date	Home Team	Away Team	Home Score	Away Score	Play-off Game?	Home Odds	Draw Odds	Away Odds	Bookmakers Surveyed							
15-Mar-19	Chiefs	Hurricanes	0	0		3.25	23.03	1.35	11							
15-Mar-19	Brumbies	Waratahs	0	0		1.93	21.91	1.89	11							
15-Mar-19	Stormers	Jaguares	0	0		1.31	23.44	3.46	11							
16-Mar-19	Sunwolves	Reds	0	0		1.63	20.95	2.32	11							
16-Mar-19	Highlanders	Crusaders	0	0		3.5	23.42	1.32	11							
16-Mar-19	Lions	Rebels	0	0		1.34	23.84	3.32	10							
8-Mar-19	Hurricanes	Highlanders	25	22		1.29	24.79	3.68	11							
8-Mar-19	Rebels	Brumbies	29	26		1.57	21.82	2.46	11							
9-Mar-19	Crusaders	Chiefs	57	28		1.15	30.29	5.49	10							
9-Mar-19	Blues	Sunwolves	28	20		1.16	30.49	5.23	10							
9-Mar-19	Waratahs	Reds	28	17		1.32	25.18	3.44	10							
9-Mar-19	Lions	Jaguares	47	39		1.28	24.44	3.77	10							
9-Mar-19	Bulls	Sharks	37	14		1.53	21.68	2.55	10							
2-Mar-19	Chiefs	Sunwolves	15	30		1.03	47.53	12.11	11							
2-Mar-19	Reds	Crusaders	12	22		5.27	31.67	1.15	11							
2-Mar-19	Lions	Bulls	12	30		1.38	23.4	3.13	10							
2-Mar-19	Sharks	Stormers	11	16		1.42	22.37	2.97	10							
2-Mar-19	Jaguares	Blues	23	19		1.74	22.03	2.13	10							
1-Mar-19	Hurricanes	Brumbies	43	13		1.2	28.34	4.6	11							
1-Mar-19	Rebels	Highlanders	24	19		1.73	23.01	2.13	11							
24-Feb-19	Jaguares	Bulls	27	12		1.96	21.21	1.86	12							
24-Feb-19	Stormers	Lions	19	17		2.51	22.51	1.55	12							
24-Feb-19	Sharks	Blues	26	7		1.84	21.62	1.99	12							
23-Feb-19	Brumbies	Chiefs	54	17		3.28	23.69	1.35	12							
23-Feb-19	Crusaders	Hurricanes	38	22		1.24	27.2	4.09	12							
23-Feb-19	Sunwolves	Waratahs	30	31		8.04	45.63	1.07	12							
22-Feb-19	Highlanders	Reds	36	31		1.06	41.96	8.02	12							
17-Feb-19	Jaguares	Lions	16	25		2.08	20.39	1.78	12							
17-Feb-19	Bulls	Stormers	40	3		1.6	20.91	2.37	12							
16-Feb-19	Sunwolves	Sharks	10	45		3.95	25.88	1.25	12							
16-Feb-19	Waratahs	Hurricanes	19	20		3	22.73	1.4	12							
16-Feb-19	Blues	Crusaders	22	24		3.22	22.48	1.36	11							
15-Feb-19	Brumbies	Rebels	27	34		1.5	22.34	2.65	12							
15-Feb-19	Chiefs	Highlanders	27	30		1.99	21.19	1.87	12							
4-Aug-18	Crusaders	Lions	37	18	Y	1.1	35.98	7.2	10							
28-Jul-18	Lions	Waratahs	44	26	Y	1.23	28.87	4.22	10							
28-Jul-18	Crusaders	Hurricanes	30	12	Y	1.29	23.42	3.62	10							
21-Jul-18	Lions	Jaguares	40	23	Y	1.25	25.32	3.95	10							
21-Jul-18	Waratahs	Highlanders	30	23	Y	2.29	21.05	1.65	10							
21-Jul-18	Crusaders	Sharks	40	10	Y	1.04	47.5	9.83	10							
20-Jul-18	Hurricanes	Chiefs	32	31	Y	1.52	21.1	2.61	10							
14-Jul-18	Sharks	Jaguares	20	10		1.31	21.96	3.55	11							
14-Jul-18	Lions	Bulls	38	12		1.13	31.95	6	11							
14-Jul-18	Waratahs	Brumbies	31	40		1.38	22.12	3.22	11							
14-Jul-18	Crusaders	Blues	54	17		1.1	37.22	7.16	11							
14-Jul-18	Highlanders	Rebels	43	37		1.2	30.7	4.56	11							
13-Jul-18	Reds	Sunwolves	48	27		1.25	26.56	4.09	11							
13-Jul-18	Chiefs	Hurricanes	28	24		2.75	20.31	1.48	11							
7-Jul-18	Stormers	Sharks	27	16		1.82	20.22	2.01	10							
7-Jul-18	Bulls	Jaguares	43	34		1.82	20.73	2.01	10							
7-Jul-18	Waratahs	Sunwolves	77	25		1.1	34.47	6.59	10							
7-Jul-18	Hurricanes	Blues	42	24		1.15	30.55	5.19	10							
7-Jul-18	Chiefs	Brumbies	24	19		1.14	31.36	5.42	10							
6-Jul-18	Reds	Rebels	37	23		2.47	20.49	1.56	10							
6-Jul-18	Crusaders	Highlanders	45	22		1.25	23.92	3.93	10							
30-Jun-18	Jaguares	Stormers	25	14		1.36	23.5	3.26	12							
30-Jun-18	Sharks	Lions	31	24		2.24	20.65	1.74	12							
30-Jun-18	Sunwolves	Bulls	42	37		3.42	25.98	1.33	12							
30-Jun-18	Brumbies	Hurricanes	24	12		3.97	28.19	1.26	12							
30-Jun-18	Highlanders	Chiefs	22	45		1.57	22.7	2.48	12							
29-Jun-18	Rebels	Waratahs	26	31		2.28	20.81	1.68	12							
29-Jun-18	Blues	Reds	39	16		1.26	27.96	3.98	12							
3-Jun-18	Brumbies	Sunwolves	41	31		1.01	47.68	15.67	12							
2-Jun-18	Reds	Waratahs	41	52		2.93	24.16	1.42	12							
2-Jun-18	Chiefs	Crusaders	20	34		2.6	22.52	1.53	12							
2-Jun-18	Blues	Rebels	10	20		1.36	24.1	3.27	12							
1-Jun-18	Highlanders	Hurricanes	30	14		2.42	22.72	1.59	12							
26-May-18	Stormers	Lions	23	26		2.4	21.69	1.61	12							
26-May-18	Bulls	Brumbies	28	38		1.26	25.64	3.9	12							
26-May-18	Reds	Highlanders	15	18		3.67	24.95	1.29	12							
26-May-18	Chiefs	Waratahs	39	27		1.27	25.43	3.89	12							
25-May-18	Jaguares	Sharks	29	13		1.48	24.13	2.75	12							
25-May-18	Rebels	Sunwolves	40	13		1.09	38.57	7.82	12							
25-May-18	Crusaders	Hurricanes	24	13		1.82	20.97	2.03	12							
19-May-18	Jaguares	Bulls	54	24		1.42	22.55	2.97	12							
19-May-18	Lions	Brumbies	42	24		1.15	32.84	5.57	12							
19-May-18	Sharks	Chiefs	28	24		1.32	23.31	3.55	12							
19-May-18	Waratahs	Highlanders	41	12		2.79	22.16	1.47	12							
19-May-18	Blues	Crusaders	24	32		4.2	27.49	1.24	12							
19-May-18	Sunwolves	Stormers	26	23		3.9	28.53	1.26	11							
18-May-18	Hurricanes	Reds	38	34		1.02	49.57	15.91	12							
12-May-18	Bulls	Sharks	39	33		1.61	21.29	2.42	12							
12-May-18	Stormers	Chiefs	9	15		1.96	21.63	1.89	12							
12-May-18	Brumbies	Rebels	24	27		1.45	21.94	2.86	12							
12-May-18	Highlanders	Lions	39	27		1.34	24.06	3.4	12							
12-May-18	Crusaders	Waratahs	31	29		1.06	44.07	8.88	12							
12-May-18	Sunwolves	Reds	63	28		3.09	22.98	1.4	12							
11-May-18	Blues	Hurricanes	15	36		3.72	23.99	1.29	12							
5-May-18	Sharks	Highlanders	38	12		2.65	21.76	1.52	12							
5-May-18	Stormers	Bulls	29	17		1.67	21.31	2.26	12							
5-May-18	Waratahs	Blues	21	24		1.47	22.45	2.8	12							
5-May-18	Hurricanes	Lions	28	19		1.16	31.01	5.47	12							
4-May-18	Rebels	Crusaders	10	55		6.19	34.47	1.12	12							
4-May-18	Chiefs	Jaguares	19	23		1.15	32.01	5.76	12							
28-Apr-18	Bulls	Highlanders	28	29		2.47	21.54	1.58	14							
28-Apr-18	Brumbies	Crusaders	8	21		6.55	39.98	1.11	14							
28-Apr-18	Blues	Jaguares	13	20		1.37	23.17	3.23	14							
28-Apr-18	Reds	Lions	27	22		5.06	32.55	1.17	14							
28-Apr-18	Stormers	Rebels	34	18		1.19	32.13	4.69	14							
27-Apr-18	Hurricanes	Sunwolves	43	15		1	56.67	31.58	14							
22-Apr-18	Brumbies	Jaguares	20	25		1.41	22.9	2.97	14							
21-Apr-18	Sharks	Stormers	24	17		1.65	21.67	2.3	14							
21-Apr-18	Bulls	Rebels	28	10		1.18	32.03	4.84	14							
21-Apr-18	Reds	Chiefs	12	36		5.17	30.77	1.17	14							
21-Apr-18	Crusaders	Sunwolves	33	11		1.01	60.67	26.33	14							
20-Apr-18	Waratahs	Lions	0	29		1.81	21.16	2.05	14							
20-Apr-18	Blues	Highlanders	16	34		3.27	24.63	1.35	14							
14-Apr-18	Sharks	Bulls	10	40		1.4	22.84	3.07	14							
14-Apr-18	Waratahs	Reds	37	16		1.27	25.85	3.9	14							
14-Apr-18	Highlanders	Brumbies	43	17		1.09	44.04	7.03	14							
14-Apr-18	Rebels	Jaguares	22	25		1.22	30.89	4.4	14							
14-Apr-18	Sunwolves	Blues	10	24		6.96	44.31	1.09	14							
13-Apr-18	Hurricanes	Chiefs	25	13		1.28	26.72	3.7	14							
7-Apr-18	Jaguares	Crusaders	14	40		5.13	32.59	1.17	14							
7-Apr-18	Lions	Stormers	52	31		1.38	25.16	3.19	14							
7-Apr-18	Brumbies	Reds	45	21		1.56	21.26	2.53	14							
7-Apr-18	Chiefs	Blues	21	19		1.28	25.77	3.85	14							
7-Apr-18	Sunwolves	Waratahs	29	50		6.53	35.38	1.12	14							
6-Apr-18	Hurricanes	Sharks	38	37		1.05	48.26	9.77	14							
1-Apr-18	Lions	Crusaders	8	14		3	24.67	1.41	14							
31-Mar-18	Bulls	Stormers	33	23		2.11	22.24	1.78	14							
31-Mar-18	Brumbies	Waratahs	17	24		2.04	20.23	1.84	14							
31-Mar-18	Blues	Sharks	40	63		1.18	29.93	4.95	14							
30-Mar-18	Rebels	Hurricanes	19	50		4.39	28.41	1.22	14							
30-Mar-18	Chiefs	Highlanders	27	22		1.78	21.68	2.1	14							
24-Mar-18	Jaguares	Lions	49	35		3.05	26.65	1.4	14							
24-Mar-18	Stormers	Reds	25	19		1.2	31.31	4.72	14							
24-Mar-18	Hurricanes	Highlanders	29	12		1.45	22.68	2.92	14							
24-Mar-18	Sunwolves	Chiefs	10	61		8.9	57.29	1.06	14							
23-Mar-18	Rebels	Sharks	46	14		1.48	23.39	2.76	14							
23-Mar-18	Crusaders	Bulls	33	14		1.06	44.92	9.38	14							
18-Mar-18	Waratahs	Rebels	51	27		1.72	21.57	2.2	14							
17-Mar-18	Jaguares	Reds	7	18		1.28	24.35	3.8	14							
17-Mar-18	Lions	Sunwolves	40	38		1.01	52.25	22.09	14							
17-Mar-18	Stormers	Blues	37	20		2.41	21.04	1.62	14							
17-Mar-18	Brumbies	Sharks	24	17		2.07	20	1.82	14							
17-Mar-18	Highlanders	Crusaders	25	17		1.69	20.07	2.26	14							
16-Mar-18	Chiefs	Bulls	41	28		1.1	35.84	7.29	13							
10-Mar-18	Jaguares	Waratahs	38	28		2.22	21.8	1.71	14							
10-Mar-18	Lions	Blues	35	38		1.24	27.47	4.3	14							
10-Mar-18	Sharks	Sunwolves	50	22		1.02	53.92	13.14	14							
10-Mar-18	Reds	Bulls	20	14		1.71	20.76	2.23	14							
10-Mar-18	Hurricanes	Crusaders	29	19		1.7	20.76	2.25	14							
9-Mar-18	Rebels	Brumbies	33	10		1.62	21.43	2.42	14							
9-Mar-18	Highlanders	Stormers	33	15		1.11	38.22	6.78	14							
3-Mar-18	Jaguares	Hurricanes	9	34		5.44	31.98	1.16	14							
3-Mar-18	Bulls	Lions	35	49		3.28	24.98	1.36	14							
3-Mar-18	Sharks	Waratahs	24	24		1.31	24.05	3.62	14							
3-Mar-18	Crusaders	Stormers	45	28		1.08	40.74	7.76	13							
3-Mar-18	Sunwolves	Rebels	17	37		3.09	24.9	1.4	14							
2-Mar-18	Reds	Brumbies	18	10		2.92	23.06	1.44	14							
2-Mar-18	Blues	Chiefs	21	27		1.6	21.82	2.44	14							
24-Feb-18	Bulls	Hurricanes	21	19		5.85	31.18	1.14	15							
24-Feb-18	Lions	Jaguares	47	27		1.11	34.29	6.72	15							
24-Feb-18	Waratahs	Stormers	34	27		1.44	23.54	2.91	15							
24-Feb-18	Crusaders	Chiefs	45	23		1.31	23.74	3.61	14							
24-Feb-18	Sunwolves	Brumbies	25	32		6.87	33.68	1.11	15							
23-Feb-18	Rebels	Reds	45	19		1.43	23.91	2.91	15							
23-Feb-18	Highlanders	Blues	41	34		1.35	23.67	3.33	15							
17-Feb-18	Lions	Sharks	26	19		1.31	25.09	3.63	14							
17-Feb-18	Stormers	Jaguares	28	20		1.33	25.37	3.4	14							
5-Aug-17	Lions	Crusaders	17	25	Y	2.03	21.46	1.85	15							
29-Jul-17	Lions	Hurricanes	44	29	Y	2.43	23.98	1.58	15							
29-Jul-17	Crusaders	Chiefs	27	13	Y	1.26	25.1	3.9	15							
22-Jul-17	Stormers	Chiefs	11	17	Y	2.37	22.76	1.62	15							
22-Jul-17	Lions	Sharks	23	21	Y	1.11	34.38	6.71	15							
22-Jul-17	Crusaders	Highlanders	17	0	Y	1.39	21.56	3.1	15							
21-Jul-17	Brumbies	Hurricanes	16	35	Y	5.6	29.56	1.15	15							
15-Jul-17	Sharks	Lions	10	27		4.23	27.21	1.23	15							
15-Jul-17	Bulls	Stormers	33	41		2.49	23.41	1.56	15							
15-Jul-17	Force	Waratahs	40	11		1.94	21.09	1.9	15							
15-Jul-17	Hurricanes	Crusaders	31	22		1.66	21.71	2.28	15							
15-Jul-17	Chiefs	Brumbies	28	10		1.06	41.11	8.34	15							
15-Jul-17	Sunwolves	Blues	48	21		15.52	49.58	1.02	15							
15-Jul-17	Kings	Cheetahs	20	21		1.54	23.39	2.52	15							
14-Jul-17	Rebels	Jaguares	29	32		2.84	26.2	1.43	15							
14-Jul-17	Highlanders	Reds	40	17		1.04	48.96	9.91	15							
8-Jul-17	Stormers	Sunwolves	52	15		1.01	57.07	19.98	15							
8-Jul-17	Bulls	Kings	30	31		1.26	27.66	3.94	15							
8-Jul-17	Waratahs	Jaguares	27	40		1.19	27.84	4.8	15							
7-Jul-17	Force	Rebels	31	22		1.31	25.74	3.48	15							
7-Jul-17	Reds	Brumbies	16	15		3.21	24.15	1.36	15							
1-Jul-17	Lions	Sunwolves	94	7		1.01	47.19	20.74	15							
1-Jul-17	Cheetahs	Stormers	34	40		2.93	24.18	1.42	15							
30-Jun-17	Jaguares	Kings	30	31		1.21	28.37	4.48	15							
30-Jun-17	Sharks	Bulls	17	30		1.22	27.33	4.33	15							
9-Jun-17	Hurricanes	Chiefs	14	17		1.33	24.44	3.45	15							
3-Jun-17	Force	Hurricanes	12	34		8.82	41.53	1.06	15							
3-Jun-17	Brumbies	Rebels	32	3		1.11	33.66	6.56	15							
3-Jun-17	Chiefs	Waratahs	46	31		1.11	34.65	6.33	15							
3-Jun-17	Crusaders	Highlanders	25	22		1.36	24.53	3.21	15							
2-Jun-17	Blues	Reds	34	29		1.13	32.46	5.83	15							
28-May-17	Lions	Kings	54	10		1.03	53.84	11.83	14							
27-May-17	Jaguares	Brumbies	15	39		1.57	21.87	2.46	14							
27-May-17	Sharks	Stormers	22	10		1.77	21.57	2.11	14							
27-May-17	Bulls	Hurricanes	20	34		7.39	39	1.08	14							
27-May-17	Rebels	Crusaders	19	41		11.25	49.57	1.03	14							
27-May-17	Highlanders	Waratahs	44	28		1.09	37.1	7.01	14							
27-May-17	Sunwolves	Cheetahs	7	47		2.12	22.4	1.75	13							
26-May-17	Reds	Force	26	40		1.33	25.69	3.36	14							
26-May-17	Blues	Chiefs	16	16		2.67	22.64	1.5	14							
21-May-17	Waratahs	Rebels	50	23		1.15	31.27	5.44	14							
20-May-17	Kings	Brumbies	10	19		2.66	23	1.49	14							
20-May-17	Lions	Bulls	51	14		1.12	33.2	6.24	14							
20-May-17	Sunwolves	Sharks	17	38		4.59	29.77	1.2	14							
20-May-17	Force	Highlanders	6	55		4.78	27.69	1.19	14							
20-May-17	Hurricanes	Cheetahs	61	7		1.02	55.33	13.7	14							
19-May-17	Stormers	Blues	30	22		1.95	22.85	1.89	14							
19-May-17	Chiefs	Crusaders	24	31		2.21	22.56	1.7	14							
13-May-17	Jaguares	Force	6	16		1.13	32.84	5.88	14							
13-May-17	Kings	Sharks	35	32		4.85	30.31	1.18	14							
13-May-17	Bulls	Highlanders	10	17		4.92	27.91	1.18	14							
13-May-17	Rebels	Reds	24	29		2.42	22.56	1.59	14							
13-May-17	Crusaders	Hurricanes	20	12		1.85	22.07	2	14							
12-May-17	Brumbies	Lions	6	13		2.41	22.09	1.6	14							
12-May-17	Blues	Cheetahs	50	32		1.07	42.42	8.24	14							
6-May-17	Jaguares	Sunwolves	46	39		1.04	47.25	9.82	14							
6-May-17	Bulls	Crusaders	24	62		4.65	29.24	1.19	14							
6-May-17	Sharks	Force	37	12		1.13	32.58	5.82	14							
6-May-17	Waratahs	Blues	33	40		2.83	23.1	1.45	14							
6-May-17	Chiefs	Reds	46	17		1.05	44.33	10.13	14							
6-May-17	Rebels	Lions	10	47		5.64	30.82	1.14	14							
5-May-17	Cheetahs	Highlanders	41	45		5.58	30.66	1.14	14							
5-May-17	Hurricanes	Stormers	41	22		1.03	53.37	11.14	14							
30-Apr-17	Brumbies	Blues	12	18		2.43	21.89	1.58	16							
29-Apr-17	Jaguares	Sharks	25	33		1.32	23.64	3.45	16							
29-Apr-17	Kings	Rebels	44	3		2.09	21.61	1.77	15							
29-Apr-17	Cheetahs	Crusaders	21	48		5.87	34.48	1.12	16							
29-Apr-17	Force	Lions	15	24		4.25	25.68	1.23	16							
29-Apr-17	Reds	Waratahs	26	29		1.76	20.73	2.11	16							
29-Apr-17	Chiefs	Sunwolves	27	20		1.01	59	21.71	16							
28-Apr-17	Highlanders	Stormers	57	14		1.19	28.43	4.86	16							
22-Apr-17	Sharks	Rebels	9	9		1.1	33.98	7.03	16							
22-Apr-17	Bulls	Cheetahs	20	14		1.36	24.28	3.22	16							
22-Apr-17	Force	Chiefs	7	16		5.91	34.12	1.13	16							
22-Apr-17	Crusaders	Stormers	57	24		1.14	33.33	5.62	16							
22-Apr-17	Highlanders	Sunwolves	40	15		1	72	42.75	15							
21-Apr-17	Lions	Jaguares	24	21		1.1	34.05	6.66	16							
21-Apr-17	Waratahs	Kings	24	26		1.04	48.35	10.25	16							
21-Apr-17	Hurricanes	Brumbies	56	21		1.09	34.21	7.18	16							
15-Apr-17	Bulls	Jaguares	26	13		1.71	21.64	2.18	16							
15-Apr-17	Stormers	Lions	16	29		1.68	21.2	2.23	16							
15-Apr-17	Cheetahs	Chiefs	27	41		5.94	33.21	1.13	16							
15-Apr-17	Rebels	Brumbies	19	17		3.62	24.57	1.29	16							
15-Apr-17	Blues	Hurricanes	24	28		2.93	24.52	1.42	16							
15-Apr-17	Reds	Kings	47	34		1.13	33.94	5.94	16							
14-Apr-17	Crusaders	Sunwolves	50	3		1.01	56.5	22.75	16							
9-Apr-17	Force	Kings	46	41		1.11	34.01	6.75	15							
8-Apr-17	Stormers	Chiefs	34	26		2.48	22.91	1.56	16							
8-Apr-17	Sharks	Jaguares	18	13		1.37	22.94	3.22	16							
8-Apr-17	Brumbies	Reds	43	10		1.31	23.3	3.62	16							
8-Apr-17	Highlanders	Blues	26	20		1.44	22.34	2.92	16							
8-Apr-17	Sunwolves	Bulls	21	20		5.13	27.82	1.17	16							
7-Apr-17	Hurricanes	Waratahs	38	28		1.07	35.78	8.06	16							
2-Apr-17	Waratahs	Crusaders	22	41		3.77	24.7	1.27	16							
1-Apr-17	Lions	Sharks	34	29		1.23	24.9	4.22	16							
1-Apr-17	Stormers	Cheetahs	53	10		1.2	25.94	4.57	16							
1-Apr-17	Reds	Hurricanes	15	34		6.73	34.36	1.11	16							
1-Apr-17	Chiefs	Bulls	28	12		1.06	39.65	9.39	16							
1-Apr-17	Blues	Force	24	15		1.07	38.59	8.32	16							
31-Mar-17	Highlanders	Rebels	51	12		1.04	42.39	10.36	16							
25-Mar-17	Jaguares	Reds	22	8		1.12	31.6	6.44	16							
25-Mar-17	Cheetahs	Sharks	30	38		2.08	21.04	1.8	16							
25-Mar-17	Kings	Lions	19	42		12.41	47.91	1.02	16							
25-Mar-17	Sunwolves	Stormers	31	44		7.49	38.1	1.08	16							
25-Mar-17	Brumbies	Highlanders	13	18		2.19	21.74	1.71	16							
25-Mar-17	Blues	Bulls	38	14		1.19	26.71	4.92	16							
24-Mar-17	Rebels	Waratahs	25	32		2.76	23.18	1.47	16							
24-Mar-17	Crusaders	Force	45	17		1.06	38.09	8.8	16							
18-Mar-17	Jaguares	Cheetahs	41	14		1.19	26.46	4.78	16							
18-Mar-17	Sharks	Kings	19	17		1.02	44.4	15.97	16							
18-Mar-17	Lions	Reds	44	14		1.16	28.92	5.32	16							
18-Mar-17	Waratahs	Brumbies	12	28		1.56	20.68	2.5	16							
18-Mar-17	Hurricanes	Highlanders	41	15		1.25	25.31	4.05	16							
18-Mar-17	Bulls	Sunwolves	34	21		1.01	46.95	19.29	16							
17-Mar-17	Rebels	Chiefs	14	27		8.33	36.09	1.07	16							
17-Mar-17	Crusaders	Blues	33	24		1.53	22.42	2.57	16							
11-Mar-17	Jaguares	Lions	36	24		1.53	21.93	2.58	16							
11-Mar-17	Sharks	Waratahs	37	14		1.49	21.85	2.7	16							
11-Mar-17	Cheetahs	Sunwolves	38	31		1.01	49.82	16.69	16							
11-Mar-17	Kings	Stormers	10	41		9	44.47	1.06	16							
11-Mar-17	Reds	Crusaders	20	22		3.45	23.05	1.33	16							
11-Mar-17	Blues	Highlanders	12	16		1.66	21.45	2.29	16							
10-Mar-17	Brumbies	Force	25	17		1.38	23.84	3.16	16							
10-Mar-17	Chiefs	Hurricanes	26	18		1.97	19.71	1.88	16							
4-Mar-17	Cheetahs	Bulls	34	28		2.15	22.61	1.73	16							
4-Mar-17	Stormers	Jaguares	32	25		1.25	26	4	16							
4-Mar-17	Lions	Waratahs	55	36		1.27	23.92	3.91	16							
4-Mar-17	Sunwolves	Kings	23	37		2.1	22.5	1.77	16							
4-Mar-17	Brumbies	Sharks	22	27		1.56	20.73	2.52	16							
4-Mar-17	Highlanders	Crusaders	27	30		1.54	21.71	2.55	16							
4-Mar-17	Hurricanes	Rebels	71	6		1.03	40.9	12.47	16							
3-Mar-17	Chiefs	Blues	41	26		1.39	23.85	3.13	16							
2-Mar-17	Force	Reds	26	19		2.54	21.87	1.54	16							
25-Feb-17	Stormers	Bulls	37	24		1.5	21.58	2.67	16							
25-Feb-17	Kings	Jaguares	26	39		4.95	28.27	1.18	16							
25-Feb-17	Cheetahs	Lions	25	28		3.86	24.13	1.27	16							
25-Feb-17	Waratahs	Force	19	13		1.19	29.16	4.79	16							
25-Feb-17	Crusaders	Brumbies	17	13		1.11	32.63	6.54	16							
25-Feb-17	Sunwolves	Hurricanes	17	83		14.32	45.4	1.02	16							
24-Feb-17	Reds	Sharks	28	26		1.49	22.46	2.71	16							
24-Feb-17	Highlanders	Chiefs	15	24		1.6	22.15	2.39	16							
23-Feb-17	Rebels	Blues	18	56		2.69	22.97	1.5	16							
6-Aug-16	Hurricanes	Lions	20	3	Y	1.32	21.94	3.55	17							
30-Jul-16	Lions	Highlanders	42	30	Y	1.83	20.85	2.02	17							
30-Jul-16	Hurricanes	Chiefs	25	9	Y	1.57	21.57	2.47	17							
23-Jul-16	Stormers	Chiefs	21	60	Y	2.4	20.71	1.6	16							
23-Jul-16	Lions	Crusaders	42	25	Y	1.81	20.86	2.04	16							
23-Jul-16	Hurricanes	Sharks	41	0	Y	1.12	29.42	6.2	16							
22-Jul-16	Brumbies	Highlanders	9	15	Y	2.83	21.14	1.45	16							
16-Jul-16	Jaguares	Lions	34	22		1.23	25.5	4.32	17							
16-Jul-16	Cheetahs	Bulls	17	43		2.28	21.24	1.66	17							
16-Jul-16	Stormers	Kings	52	24		1.01	38.75	16	17							
16-Jul-16	Brumbies	Force	24	10		1.05	36.31	9.56	17							
16-Jul-16	Highlanders	Chiefs	25	15		1.65	20.6	2.3	17							
16-Jul-16	Crusaders	Hurricanes	10	35		1.44	21.89	2.88	16							
15-Jul-16	Sharks	Sunwolves	40	29		1.01	38.7	20.45	17							
15-Jul-16	Reds	Rebels	28	31		1.81	21.09	2.04	17							
15-Jul-16	Blues	Waratahs	34	28		1.69	21.61	2.22	17							
9-Jul-16	Jaguares	Highlanders	8	34		4.41	23.22	1.22	17							
9-Jul-16	Sharks	Cheetahs	26	10		1.23	24.26	4.38	17							
9-Jul-16	Bulls	Sunwolves	50	3		1.01	57.45	13.65	17							
9-Jul-16	Force	Stormers	3	22		4.45	23.89	1.22	17							
9-Jul-16	Waratahs	Hurricanes	17	28		1.73	20.35	2.16	17							
9-Jul-16	Crusaders	Rebels	85	26		1.04	45.45	10.18	17							
8-Jul-16	Lions	Kings	57	21		1.01	47.03	21.29	17							
8-Jul-16	Reds	Chiefs	5	50		5.52	28.25	1.15	17							
8-Jul-16	Blues	Brumbies	40	15		2.34	20.61	1.63	17							
2-Jul-16	Jaguares	Bulls	29	11		1.59	20.59	2.42	17							
2-Jul-16	Lions	Sharks	37	10		1.37	22.27	3.21	17							
2-Jul-16	Kings	Highlanders	18	48		13.08	37.55	1.02	17							
2-Jul-16	Cheetahs	Force	30	29		1.36	24.12	3.2	17							
2-Jul-16	Rebels	Stormers	31	57		2.13	20.78	1.75	17							
2-Jul-16	Hurricanes	Blues	37	27		1.17	26.62	5.14	17							
2-Jul-16	Sunwolves	Waratahs	12	57		10.52	46.3	1.04	16							
1-Jul-16	Brumbies	Reds	43	24		1.14	29.88	5.68	17							
1-Jul-16	Chiefs	Crusaders	23	13		2.45	20.44	1.58	17							
29-May-16	Rebels	Force	27	22		1.21	25.7	4.56	15							
28-May-16	Bulls	Lions	20	56		1.76	20.72	2.11	15							
28-May-16	Stormers	Cheetahs	31	24		1.17	27.45	5.24	15							
28-May-16	Brumbies	Sunwolves	66	5		1.01	54.97	14.15	15							
28-May-16	Blues	Crusaders	21	26		4.35	24.13	1.23	15							
27-May-16	Kings	Jaguares	29	22		8.17	37.89	1.07	15							
27-May-16	Waratahs	Chiefs	45	25		2.39	20.87	1.61	15							
27-May-16	Hurricanes	Highlanders	27	20		2	20.38	1.87	15							
21-May-16	Bulls	Stormers	17	13		2.34	20.45	1.63	15							
21-May-16	Sharks	Kings	53	0		1.01	46.11	14.92	15							
21-May-16	Lions	Jaguares	52	24		1.18	28.63	4.9	15							
21-May-16	Force	Blues	13	17		2.42	21.74	1.59	15							
21-May-16	Chiefs	Rebels	36	15		1.12	31.46	6.2	15							
21-May-16	Reds	Sunwolves	35	25		1.12	33.58	6.24	15							
20-May-16	Crusaders	Waratahs	29	10		1.18	26.81	5.07	15							
14-May-16	Jaguares	Sharks	22	25		1.96	20.69	1.89	15							
14-May-16	Lions	Blues	43	5		1.42	21.66	2.97	15							
14-May-16	Cheetahs	Kings	34	20		1.04	50.65	10.69	15							
14-May-16	Sunwolves	Stormers	17	17		10.45	46.57	1.04	15							
14-May-16	Waratahs	Bulls	31	8		1.34	21.78	3.39	15							
14-May-16	Hurricanes	Reds	29	14		1.14	29.4	5.99	15							
13-May-16	Rebels	Brumbies	22	30		2.62	21.41	1.52	15							
13-May-16	Highlanders	Crusaders	34	26		1.91	20.33	1.94	15							
7-May-16	Kings	Blues	18	34		9.8	47.56	1.05	15							
7-May-16	Sharks	Hurricanes	32	15		2.54	21.27	1.55	15							
7-May-16	Waratahs	Cheetahs	21	6		1.14	30.32	5.64	15							
7-May-16	Chiefs	Highlanders	13	26		1.47	22.38	2.75	15							
7-May-16	Sunwolves	Force	22	40		2.59	22.15	1.52	15							
6-May-16	Brumbies	Bulls	23	6		1.38	24.65	3.11	15							
6-May-16	Crusaders	Reds	38	5		1.07	41.25	7.91	15							
30-Apr-16	Jaguares	Kings	73	27		1.04	48.97	9.99	15							
30-Apr-16	Stormers	Waratahs	30	32		1.43	22.56	2.91	15							
30-Apr-16	Lions	Hurricanes	17	50		1.97	21.94	1.88	15							
30-Apr-16	Reds	Cheetahs	30	17		1.44	23.4	2.84	15							
30-Apr-16	Highlanders	Brumbies	23	10		1.34	23.34	3.38	15							
30-Apr-16	Blues	Rebels	36	30		1.34	24.31	3.3	15							
29-Apr-16	Force	Bulls	20	42		2.97	23.53	1.41	15							
29-Apr-16	Chiefs	Sharks	24	22		1.15	31.01	5.47	15							
24-Apr-16	Brumbies	Crusaders	14	40		1.72	20.68	2.18	15							
23-Apr-16	Kings	Lions	10	45		11.24	48.46	1.03	15							
23-Apr-16	Stormers	Reds	40	22		1.16	30.38	5.22	15							
23-Apr-16	Force	Waratahs	13	49		2.61	21.55	1.52	15							
23-Apr-16	Hurricanes	Chiefs	27	28		1.65	20.68	2.3	15							
23-Apr-16	Sunwolves	Jaguares	36	28		6.37	35.46	1.11	15							
22-Apr-16	Rebels	Cheetahs	36	14		1.5	22.9	2.67	15							
22-Apr-16	Highlanders	Sharks	14	15		1.19	27.65	4.67	15							
16-Apr-16	Lions	Stormers	29	22		1.57	20.58	2.5	15							
16-Apr-16	Bulls	Reds	41	22		1.28	25.01	3.75	15							
16-Apr-16	Waratahs	Brumbies	20	26		2.07	20.87	1.8	15							
16-Apr-16	Blues	Sharks	23	18		1.42	22.41	2.97	15							
15-Apr-16	Cheetahs	Sunwolves	92	17		1.14	33.95	5.71	15							
15-Apr-16	Rebels	Hurricanes	13	38		2.45	21.64	1.58	15							
15-Apr-16	Crusaders	Jaguares	32	15		1.16	30.39	5.28	15							
9-Apr-16	Kings	Bulls	6	38		5.41	31.46	1.15	15							
9-Apr-16	Sharks	Lions	9	24		1.62	21.25	2.36	15							
9-Apr-16	Reds	Highlanders	28	27		3.3	25.02	1.34	15							
9-Apr-16	Hurricanes	Jaguares	40	22		1.18	28.77	4.89	15							
8-Apr-16	Stormers	Sunwolves	46	19		1.02	48.63	14.69	15							
8-Apr-16	Force	Crusaders	19	20		3.99	26.34	1.25	15							
8-Apr-16	Chiefs	Blues	29	23		1.17	28.69	5.07	15							
3-Apr-16	Waratahs	Rebels	17	21		1.33	24.65	3.35	15							
2-Apr-16	Bulls	Cheetahs	23	18		1.3	25.86	3.58	15							
2-Apr-16	Kings	Sunwolves	33	28		1.64	21.94	2.32	15							
2-Apr-16	Brumbies	Chiefs	23	48		1.48	22.03	2.71	15							
2-Apr-16	Blues	Jaguares	24	16		1.3	25.56	3.57	15							
1-Apr-16	Lions	Crusaders	37	43		2.06	21.59	1.79	15							
1-Apr-16	Highlanders	Force	32	20		1.07	38.64	8.26	15							
27-Mar-16	Reds	Waratahs	13	15		3.31	24.24	1.34	14							
26-Mar-16	Jaguares	Stormers	8	13		1.64	20.77	2.32	14							
26-Mar-16	Sharks	Crusaders	14	19		1.69	20.71	2.25	15							
26-Mar-16	Cheetahs	Brumbies	18	25		4.46	27.49	1.21	15							
26-Mar-16	Sunwolves	Bulls	27	30		5.75	32.71	1.13	15							
26-Mar-16	Rebels	Highlanders	3	27		3.01	23.85	1.41	15							
26-Mar-16	Chiefs	Force	53	10		1.11	32.86	6.49	15							
25-Mar-16	Hurricanes	Kings	42	20		1.01	39.34	18.22	15							
20-Mar-16	Jaguares	Chiefs	26	30		1.57	21.46	2.5	15							
20-Mar-16	Stormers	Brumbies	31	11		2.14	18.91	1.76	15							
20-Mar-16	Lions	Cheetahs	39	22		1.22	27.97	4.32	15							
19-Mar-16	Reds	Blues	25	25		3.07	22.04	1.4	15							
19-Mar-16	Crusaders	Kings	57	24		1.01	42.14	18.09	15							
19-Mar-16	Sunwolves	Rebels	9	35		2.81	23.68	1.47	15							
19-Mar-16	Bulls	Sharks	16	16		2.06	20.43	1.81	15							
18-Mar-16	Waratahs	Highlanders	26	30		1.62	20.87	2.37	15							
18-Mar-16	Hurricanes	Force	41	6		1.14	30.65	5.55	15							
13-Mar-16	Stormers	Sharks	13	18		1.48	21.72	2.74	15							
13-Mar-16	Kings	Chiefs	24	58		8.32	40.43	1.07	15							
12-Mar-16	Rebels	Reds	25	23		2.68	23.02	1.5	15							
12-Mar-16	Sunwolves	Cheetahs	31	32		1.33	25.28	3.39	15							
12-Mar-16	Highlanders	Lions	34	15		1.28	26.9	3.78	15							
11-Mar-16	Force	Brumbies	14	31		4.84	28.99	1.19	15							
11-Mar-16	Blues	Hurricanes	19	23		1.77	21.16	2.1	15							
5-Mar-16	Sharks	Jaguares	19	15		1.58	22.51	2.43	15							
5-Mar-16	Cheetahs	Stormers	10	20		3.12	23.77	1.38	15							
5-Mar-16	Bulls	Rebels	45	25		1.49	23.78	2.69	15							
5-Mar-16	Reds	Force	6	22		1.63	21.52	2.35	15							
5-Mar-16	Highlanders	Hurricanes	17	16		1.47	22.36	2.78	14							
5-Mar-16	Chiefs	Lions	32	36		1.17	31.91	4.96	14							
4-Mar-16	Brumbies	Waratahs	32	15		1.36	24.55	3.26	15							
4-Mar-16	Crusaders	Blues	28	13		1.53	23.05	2.56	15							
27-Feb-16	Stormers	Bulls	33	9		1.37	22.81	3.18	16							
27-Feb-16	Kings	Sharks	8	43		5.08	29.86	1.17	16							
27-Feb-16	Force	Rebels	19	25		1.82	19.79	2.05	16							
27-Feb-16	Waratahs	Reds	30	10		1.13	30.51	5.84	16							
27-Feb-16	Crusaders	Chiefs	21	27		1.75	20.23	2.13	16							
27-Feb-16	Sunwolves	Lions	13	26		5.14	31.62	1.16	16							
26-Feb-16	Cheetahs	Jaguares	33	34		3.35	24.35	1.33	14							
26-Feb-16	Brumbies	Hurricanes	52	10		1.51	21.55	2.6	16							
26-Feb-16	Blues	Highlanders	33	31		2.25	21.09	1.68	16							
4-Jul-15	Hurricanes	Highlanders	14	21	Y	1.38	21.7	3.14	15							
27-Jun-15	Waratahs	Highlanders	17	35	Y	1.55	20.35	2.54	18							
27-Jun-15	Hurricanes	Brumbies	29	9	Y	1.27	23.31	3.92	18							
20-Jun-15	Stormers	Brumbies	19	39	Y	1.66	19.99	2.28	18							
20-Jun-15	Highlanders	Chiefs	24	14	Y	1.55	20.26	2.53	18							
14-Jun-15	Sharks	Stormers	34	12		1.27	22.45	3.8	18							
14-Jun-15	Bulls	Cheetahs	29	42		1.1	31.15	6.4	18							
13-Jun-15	Waratahs	Reds	31	5		1.14	26.89	5.61	18							
13-Jun-15	Chiefs	Hurricanes	13	21		1.46	21.39	2.77	18							
13-Jun-15	Brumbies	Crusaders	24	37		1.54	20.79	2.49	18							
12-Jun-15	Rebels	Force	11	13		1.24	25.24	4.03	18							
12-Jun-15	Blues	Highlanders	7	44		4.36	25.8	1.21	18							
6-Jun-15	Stormers	Lions	19	19		1.34	22.82	3.27	18							
6-Jun-15	Cheetahs	Waratahs	33	58		4.45	24.39	1.21	18							
6-Jun-15	Reds	Chiefs	3	24		2.46	21.18	1.56	18							
6-Jun-15	Blues	Crusaders	11	34		4.46	24.75	1.2	18							
6-Jun-15	Rebels	Bulls	21	20		1.77	20.39	2.08	18							
5-Jun-15	Force	Brumbies	20	33		3.69	23.08	1.29	18							
5-Jun-15	Hurricanes	Highlanders	56	20		1.26	24.36	3.9	18							
30-May-15	Lions	Waratahs	27	22		2.13	20.52	1.74	16							
30-May-15	Stormers	Cheetahs	42	12		1.13	31.06	5.91	16							
30-May-15	Force	Reds	10	32		1.65	20.43	2.3	16							
30-May-15	Highlanders	Chiefs	36	9		1.61	20.5	2.4	16							
29-May-15	Sharks	Rebels	25	21		1.35	24.2	3.27	16							
29-May-15	Brumbies	Bulls	22	16		1.32	23.51	3.46	16							
29-May-15	Crusaders	Hurricanes	35	18		2.4	20.09	1.6	16							
23-May-15	Stormers	Rebels	31	15		1.2	26.99	4.64	16							
23-May-15	Cheetahs	Lions	17	40		2.25	20.63	1.68	16							
23-May-15	Force	Highlanders	3	23		2.72	21.82	1.49	16							
23-May-15	Waratahs	Crusaders	32	22		1.67	20.36	2.27	16							
23-May-15	Blues	Hurricanes	5	29		2.89	21.95	1.43	16							
22-May-15	Reds	Sharks	14	21		1.79	20.32	2.06	16							
22-May-15	Chiefs	Bulls	34	20		1.39	22.48	3.1	16							
16-May-15	Cheetahs	Highlanders	24	45		2.65	21.89	1.5	16							
16-May-15	Lions	Brumbies	20	30		2.08	20.57	1.77	16							
16-May-15	Waratahs	Sharks	33	18		1.24	24.03	4.09	16							
16-May-15	Hurricanes	Chiefs	22	18		1.38	21.37	3.14	16							
15-May-15	Reds	Rebels	46	29		2.33	20.21	1.63	16							
15-May-15	Blues	Bulls	23	18		2.13	19.67	1.73	16							
9-May-15	Stormers	Brumbies	25	24		1.59	20.63	2.43	16							
9-May-15	Lions	Highlanders	28	23		2.01	20	1.83	16							
9-May-15	Force	Waratahs	18	11		3.59	22.93	1.3	16							
9-May-15	Hurricanes	Sharks	32	24		1.2	25.93	4.59	16							
8-May-15	Rebels	Blues	42	22		1.58	21.49	2.45	16							
8-May-15	Crusaders	Reds	58	17		1.09	34.57	7.52	16							
2-May-15	Bulls	Lions	35	33		1.31	21.95	3.6	16							
2-May-15	Cheetahs	Stormers	25	17		3.07	21.47	1.39	16							
2-May-15	Rebels	Chiefs	16	15		2.84	21.6	1.44	16							
2-May-15	Hurricanes	Crusaders	29	23		1.52	20.62	2.6	16							
2-May-15	Blues	Force	41	24		1.29	22.46	3.73	16							
1-May-15	Brumbies	Waratahs	10	13		1.79	19.75	2.08	16							
1-May-15	Highlanders	Sharks	48	15		1.32	22.26	3.5	16							
26-Apr-15	Reds	Hurricanes	19	35		3.35	22.28	1.33	16							
26-Apr-15	Stormers	Bulls	15	13		1.64	20.17	2.31	16							
26-Apr-15	Lions	Cheetahs	34	29		1.27	23.87	3.84	16							
25-Apr-15	Waratahs	Rebels	18	16		1.21	26.94	4.39	16							
25-Apr-15	Crusaders	Blues	29	15		1.26	24.33	3.88	16							
24-Apr-15	Brumbies	Highlanders	31	18		1.35	22.51	3.3	16							
24-Apr-15	Chiefs	Force	35	27		1.11	30.55	6.61	16							
19-Apr-15	Cheetahs	Reds	17	18		1.39	22.04	3.08	16							
19-Apr-15	Sharks	Bulls	10	17		1.91	19.97	1.92	16							
18-Apr-15	Force	Stormers	6	13		2.83	20.97	1.44	16							
18-Apr-15	Brumbies	Rebels	8	13		1.25	24.76	4.01	16							
18-Apr-15	Highlanders	Blues	30	24		1.38	22.81	3.11	16							
18-Apr-15	Hurricanes	Waratahs	24	29		1.43	22.2	2.88	16							
17-Apr-15	Crusaders	Chiefs	9	26		1.66	20.81	2.28	16							
11-Apr-15	Bulls	Reds	43	22		1.1	30.09	6.46	16							
11-Apr-15	Lions	Sharks	23	21		1.68	20.76	2.22	16							
11-Apr-15	Force	Cheetahs	15	24		1.5	21.47	2.61	16							
11-Apr-15	Waratahs	Stormers	18	32		1.25	23.87	3.95	16							
11-Apr-15	Crusaders	Highlanders	20	25		1.28	24.02	3.71	16							
10-Apr-15	Blues	Brumbies	16	14		2.17	20.89	1.71	16							
4-Apr-15	Lions	Bulls	22	18		2.2	20.26	1.69	15							
4-Apr-15	Sharks	Crusaders	10	52		1.79	20.18	2.06	15							
4-Apr-15	Brumbies	Cheetahs	20	3		1.12	30.18	6.13	15							
4-Apr-15	Chiefs	Blues	23	16		1.21	26.96	4.36	15							
3-Apr-15	Rebels	Reds	23	15		1.66	20.59	2.26	15							
3-Apr-15	Hurricanes	Stormers	25	20		1.28	24.51	3.73	15							
28-Mar-15	Bulls	Crusaders	31	19		2.09	20.08	1.78	16							
28-Mar-15	Sharks	Force	15	9		1.17	26.6	4.94	16							
28-Mar-15	Waratahs	Blues	23	11		1.18	26.35	4.8	16							
28-Mar-15	Highlanders	Stormers	39	21		1.59	20.29	2.4	16							
28-Mar-15	Chiefs	Cheetahs	37	27		1.06	32.74	8.59	16							
27-Mar-15	Reds	Lions	17	18		1.35	22.53	3.26	16							
27-Mar-15	Hurricanes	Rebels	36	12		1.15	28.42	5.5	16							
22-Mar-15	Waratahs	Brumbies	28	13		1.8	20.52	2.06	16							
21-Mar-15	Sharks	Chiefs	12	11		1.67	20.74	2.26	16							
21-Mar-15	Bulls	Force	25	24		1.12	29.27	6.33	16							
21-Mar-15	Crusaders	Cheetahs	57	14		1.07	34.08	8.57	16							
20-Mar-15	Rebels	Lions	16	20		1.33	22.54	3.46	16							
20-Mar-15	Highlanders	Hurricanes	13	20		2.12	20.39	1.76	16							
14-Mar-15	Cheetahs	Sharks	10	27		2.18	20.28	1.71	16							
14-Mar-15	Stormers	Chiefs	19	28		1.76	20.5	2.1	16							
14-Mar-15	Reds	Brumbies	0	29		3.73	23.52	1.28	16							
14-Mar-15	Highlanders	Waratahs	26	19		2.35	21.32	1.61	16							
14-Mar-15	Crusaders	Lions	34	6		1.08	31.09	7.58	16							
13-Mar-15	Force	Rebels	17	21		1.7	20.67	2.19	16							
13-Mar-15	Hurricanes	Blues	30	23		1.19	25.61	4.88	16							
7-Mar-15	Stormers	Sharks	29	13		1.64	19.87	2.3	16							
7-Mar-15	Cheetahs	Bulls	20	39		2.06	20.15	1.79	16							
7-Mar-15	Reds	Waratahs	5	23		3.12	22.47	1.38	16							
7-Mar-15	Blues	Lions	10	13		1.17	26.45	5	15							
6-Mar-15	Brumbies	Force	27	15		1.13	28.08	6.02	16							
6-Mar-15	Chiefs	Highlanders	17	20		1.19	24.98	4.74	16							
28-Feb-15	Lions	Stormers	19	22		2.63	21.2	1.51	16							
28-Feb-15	Bulls	Sharks	43	35		1.85	20.08	2	16							
28-Feb-15	Rebels	Brumbies	15	20		3.25	22.42	1.36	16							
28-Feb-15	Chiefs	Crusaders	40	16		1.47	21.18	2.72	16							
27-Feb-15	Cheetahs	Blues	25	24		1.61	20.69	2.36	16							
27-Feb-15	Force	Hurricanes	13	42		2.35	20.33	1.63	16							
27-Feb-15	Highlanders	Reds	20	13		1.33	22.47	3.36	16							
21-Feb-15	Sharks	Lions	29	12		1.22	24.44	4.26	16							
21-Feb-15	Stormers	Blues	27	16		1.37	23.08	3.09	16							
21-Feb-15	Reds	Force	18	6		2.02	18.73	1.84	15							
21-Feb-15	Highlanders	Crusaders	20	26		2.28	20.14	1.65	15							
20-Feb-15	Bulls	Hurricanes	13	17		1.51	21.41	2.6	16							
20-Feb-15	Rebels	Waratahs	28	38		3.15	21.31	1.37	16							
20-Feb-15	Chiefs	Brumbies	19	17		1.48	21.72	2.69	16							
15-Feb-15	Waratahs	Force	13	25		1.13	27.61	5.98	16							
14-Feb-15	Bulls	Stormers	17	29		1.3	22.12	3.57	16							
14-Feb-15	Sharks	Cheetahs	29	35		1.17	24.87	5.04	16							
14-Feb-15	Blues	Chiefs	18	23		1.96	20.01	1.88	16							
13-Feb-15	Lions	Hurricanes	8	22		2.07	19.71	1.78	16							
13-Feb-15	Brumbies	Reds	47	3		1.29	23.09	3.71	16							
13-Feb-15	Crusaders	Rebels	10	20		1.14	27.08	5.52	15							
2-Aug-14	Waratahs	Crusaders	33	32	Y	1.76	20.21	2.09	14							
26-Jul-14	Waratahs	Brumbies	26	8	Y	1.33	22	3.34	15							
26-Jul-14	Crusaders	Sharks	38	6	Y	1.29	23.48	3.53	15							
19-Jul-14	Sharks	Highlanders	31	27	Y	1.13	30.27	5.73	15							
19-Jul-14	Brumbies	Chiefs	32	30	Y	1.51	20.31	2.55	15							
12-Jul-14	Stormers	Sharks	10	34		1.77	19.31	2.06	15							
12-Jul-14	Lions	Cheetahs	60	25		1.72	19.5	2.12	15							
12-Jul-14	Reds	Waratahs	3	34		3.14	21.85	1.35	15							
12-Jul-14	Crusaders	Highlanders	34	8		1.18	24.5	4.69	15							
12-Jul-14	Bulls	Rebels	40	7		1.06	33.19	8.42	15							
11-Jul-14	Brumbies	Force	47	25		1.26	22.85	3.79	15							
11-Jul-14	Blues	Chiefs	8	11		1.88	19.33	1.93	15							
6-Jul-14	Waratahs	Highlanders	44	16		1.24	23.25	3.99	15							
5-Jul-14	Cheetahs	Sharks	27	20		3.19	22.71	1.34	15							
5-Jul-14	Stormers	Bulls	16	0		1.62	20.46	2.3	15							
5-Jul-14	Force	Reds	30	20		1.64	20.21	2.26	15							
5-Jul-14	Crusaders	Blues	21	13		1.34	21.63	3.27	15							
4-Jul-14	Lions	Rebels	34	17		1.38	21.62	3.01	15							
4-Jul-14	Chiefs	Hurricanes	24	16		1.62	19.87	2.28	15							
28-Jun-14	Force	Blues	14	40		1.69	20.06	2.16	15							
28-Jun-14	Waratahs	Brumbies	39	8		1.22	23.77	4.23	15							
28-Jun-14	Hurricanes	Crusaders	16	9		2.05	19.79	1.77	15							
27-Jun-14	Rebels	Reds	20	36		1.61	20.15	2.33	15							
27-Jun-14	Highlanders	Chiefs	29	25		2.02	19.52	1.8	15							
31-May-14	Sharks	Stormers	19	21		1.28	22.5	3.63	15							
31-May-14	Lions	Bulls	32	21		3.3	22.15	1.33	15							
31-May-14	Brumbies	Rebels	37	10		1.19	23.88	4.53	15							
31-May-14	Blues	Hurricanes	37	24		2.03	19.37	1.79	15							
31-May-14	Chiefs	Waratahs	17	33		1.64	19.88	2.26	15							
30-May-14	Reds	Highlanders	38	31		2.22	20.13	1.65	15							
30-May-14	Crusaders	Force	30	7		1.13	27.5	5.7	15							
24-May-14	Stormers	Cheetahs	33	0		1.43	21.92	2.81	15							
24-May-14	Force	Lions	29	19		1.2	24.98	4.35	15							
24-May-14	Hurricanes	Chiefs	45	8		1.99	19.29	1.82	15							
24-May-14	Highlanders	Crusaders	30	32		2.5	21.19	1.52	15							
23-May-14	Bulls	Brumbies	44	23		1.59	20.98	2.36	15							
23-May-14	Rebels	Waratahs	19	41		3.02	21.81	1.37	15							
23-May-14	Blues	Sharks	23	29		1.81	19.37	1.99	15							
18-May-14	Waratahs	Lions	41	17		1.07	31.83	7.22	15							
18-May-14	Cheetahs	Brumbies	27	21		2.52	21.56	1.52	15							
18-May-14	Stormers	Force	24	8		1.67	19.6	2.2	15							
17-May-14	Reds	Rebels	27	30		1.59	19.94	2.36	15							
17-May-14	Crusaders	Sharks	25	30		1.25	23.6	3.87	15							
16-May-14	Hurricanes	Highlanders	16	18		1.3	22.63	3.53	14							
11-May-14	Reds	Crusaders	29	57		3.23	22.77	1.34	15							
11-May-14	Bulls	Stormers	28	12		1.33	22.62	3.28	15							
11-May-14	Cheetahs	Force	16	23		1.55	21.21	2.42	15							
10-May-14	Brumbies	Sharks	16	9		1.47	20.71	2.64	15							
10-May-14	Highlanders	Lions	23	22		1.16	25.79	4.85	14							
9-May-14	Rebels	Hurricanes	15	25		2.32	19.83	1.6	14							
9-May-14	Chiefs	Blues	32	20		1.36	22.29	3.05	14							
4-May-14	Bulls	Cheetahs	26	21		1.45	21.27	2.74	15							
3-May-14	Stormers	Highlanders	29	28		1.6	19.77	2.34	15							
3-May-14	Waratahs	Hurricanes	39	30		1.48	22.02	2.62	15							
3-May-14	Chiefs	Lions	38	8		1.09	31.37	6.85	15							
3-May-14	Crusaders	Brumbies	40	20		1.49	21.35	2.56	15							
2-May-14	Rebels	Sharks	16	22		2.36	20.44	1.58	15							
2-May-14	Blues	Reds	44	14		1.34	22.62	3.2	15							
26-Apr-14	Cheetahs	Stormers	35	22		1.85	19.29	1.97	15							
26-Apr-14	Force	Bulls	15	9		1.69	20.17	2.15	15							
26-Apr-14	Hurricanes	Reds	35	21		1.35	22.08	3.17	15							
26-Apr-14	Sharks	Highlanders	18	34		1.17	24.75	4.73	15							
25-Apr-14	Brumbies	Chiefs	41	23		1.54	20.71	2.46	15							
25-Apr-14	Blues	Waratahs	21	13		2	20.21	1.81	15							
19-Apr-14	Stormers	Lions	18	3		1.34	22.02	3.23	15							
19-Apr-14	Sharks	Cheetahs	19	8		1.13	26.63	5.73	15							
19-Apr-14	Waratahs	Bulls	19	12		1.24	23.73	4.03	15							
19-Apr-14	Chiefs	Crusaders	17	18		1.53	20.98	2.49	15							
18-Apr-14	Rebels	Force	22	16		1.78	19.02	2.04	15							
18-Apr-14	Hurricanes	Blues	39	20		1.54	21.48	2.44	15							
12-Apr-14	Lions	Sharks	12	25		3.47	23.37	1.3	15							
12-Apr-14	Cheetahs	Crusaders	31	52		2.4	20.65	1.56	15							
12-Apr-14	Force	Waratahs	28	16		2.43	21.98	1.55	15							
12-Apr-14	Chiefs	Rebels	22	16		1.15	26.4	5.12	15							
11-Apr-14	Reds	Brumbies	20	23		2.02	20.08	1.8	15							
11-Apr-14	Highlanders	Bulls	27	20		1.58	21.48	2.35	15							
5-Apr-14	Stormers	Waratahs	11	22		1.65	19.29	2.25	15							
5-Apr-14	Lions	Crusaders	7	28		2.33	21.12	1.59	15							
5-Apr-14	Cheetahs	Chiefs	43	43		2.89	21.88	1.41	15							
5-Apr-14	Reds	Force	29	32		1.34	22.42	3.22	15							
5-Apr-14	Hurricanes	Bulls	25	20		1.5	21.35	2.57	15							
4-Apr-14	Brumbies	Blues	26	9		1.45	21.12	2.74	15							
4-Apr-14	Highlanders	Rebels	33	30		1.33	21.81	3.28	15							
29-Mar-14	Sharks	Waratahs	32	10		1.43	21.81	2.8	14							
29-Mar-14	Bulls	Chiefs	34	34		1.75	19.23	2.1	14							
29-Mar-14	Reds	Stormers	22	17		1.59	19.71	2.36	14							
29-Mar-14	Blues	Highlanders	30	12		1.47	21.79	2.67	14							
28-Mar-14	Rebels	Brumbies	32	24		3.17	22.54	1.35	14							
28-Mar-14	Crusaders	Hurricanes	26	29		1.26	24.73	3.75	14							
22-Mar-14	Bulls	Sharks	23	19		2.25	19.94	1.64	14							
22-Mar-14	Lions	Reds	23	20		2.26	19.31	1.64	14							
22-Mar-14	Force	Chiefs	18	15		3.6	23.1	1.28	14							
22-Mar-14	Brumbies	Stormers	25	15		1.34	22.1	3.24	14							
22-Mar-14	Blues	Cheetahs	40	30		1.21	24.75	4.28	14							
21-Mar-14	Waratahs	Rebels	32	8		1.12	26.58	6.09	14							
21-Mar-14	Highlanders	Hurricanes	35	31		1.7	19.06	2.16	14							
15-Mar-14	Sharks	Reds	35	20		1.25	23.54	3.86	14							
15-Mar-14	Lions	Blues	39	36		2.28	19.75	1.63	14							
15-Mar-14	Brumbies	Waratahs	28	23		1.93	18.71	1.89	14							
15-Mar-14	Highlanders	Force	29	31		1.26	23.35	3.74	14							
15-Mar-14	Hurricanes	Cheetahs	60	27		1.38	22.31	2.99	14							
14-Mar-14	Rebels	Crusaders	19	25		2.93	22.27	1.4	14							
14-Mar-14	Chiefs	Stormers	36	20		1.29	22.17	3.56	14							
8-Mar-14	Sharks	Lions	37	23		1.11	28.52	6	14							
8-Mar-14	Bulls	Blues	38	22		1.62	20.48	2.29	14							
8-Mar-14	Force	Rebels	32	7		2.31	20.4	1.61	14							
8-Mar-14	Crusaders	Stormers	14	13		1.2	25.21	4.34	14							
7-Mar-14	Reds	Cheetahs	43	33		1.27	23.13	3.67	14							
7-Mar-14	Hurricanes	Brumbies	21	29		1.67	20.17	2.18	14							
1-Mar-14	Bulls	Lions	25	17		1.38	22.48	3.03	14							
1-Mar-14	Force	Brumbies	14	27		3.03	21.93	1.38	14							
1-Mar-14	Waratahs	Reds	32	5		1.48	21.32	2.65	14							
1-Mar-14	Chiefs	Highlanders	21	19		1.22	23.64	4.25	14							
28-Feb-14	Stormers	Hurricanes	19	18		1.37	21.93	3.12	14							
28-Feb-14	Rebels	Cheetahs	35	14		2.17	20.03	1.7	13							
28-Feb-14	Blues	Crusaders	35	24		2.78	21.98	1.43	13							
23-Feb-14	Waratahs	Force	43	21		1.16	25.2	5.07	13							
22-Feb-14	Lions	Stormers	34	10		3.7	22.61	1.27	13							
22-Feb-14	Sharks	Hurricanes	27	9		1.16	25.11	4.99	13							
22-Feb-14	Brumbies	Reds	17	27		1.49	20.34	2.64	13							
22-Feb-14	Highlanders	Blues	29	21		2.13	19.14	1.73	13							
21-Feb-14	Cheetahs	Bulls	15	9		1.73	18.66	2.1	13							
21-Feb-14	Crusaders	Chiefs	10	18		1.54	20.36	2.48	13							
15-Feb-14	Sharks	Bulls	31	16		1.35	21.16	3.15	13							
15-Feb-14	Cheetahs	Lions	20	21		1.18	25.16	4.71	13							
3-Aug-13	Lions	Kings	18	23	Y	1.26	23.33	3.82	11							
3-Aug-13	Chiefs	Brumbies	27	22	Y	1.31	22.35	3.55	16							
27-Jul-13	Bulls	Brumbies	23	26	Y	1.29	22.56	3.68	14							
27-Jul-13	Chiefs	Crusaders	20	19	Y	2.46	20.9	1.57	14							
26-Jul-13	Kings	Lions	19	26	Y	1.82	19	2	7							
21-Jul-13	Brumbies	Cheetahs	15	13	Y	1.29	22.4	3.68	13							
20-Jul-13	Crusaders	Reds	38	9	Y	1.2	24.83	4.43	13							
13-Jul-13	Stormers	Bulls	30	13		2	19	1.83	14							
13-Jul-13	Sharks	Kings	58	13		1.02	39.94	12.88	14							
13-Jul-13	Force	Brumbies	21	15		3.94	23.42	1.25	14							
13-Jul-13	Waratahs	Reds	12	14		1.71	20.02	2.15	14							
13-Jul-13	Blues	Chiefs	16	26		2.96	22.13	1.4	14							
12-Jul-13	Rebels	Highlanders	38	37		1.9	19.63	1.92	14							
12-Jul-13	Crusaders	Hurricanes	25	17		1.09	31.95	7.35	13							
6-Jul-13	Bulls	Sharks	20	19		1.36	21	3.2	15							
6-Jul-13	Kings	Stormers	12	24		8.45	31.77	1.06	15							
6-Jul-13	Cheetahs	Blues	34	13		1.42	21.33	2.87	15							
6-Jul-13	Hurricanes	Highlanders	44	49		1.27	23.06	3.73	15							
5-Jul-13	Crusaders	Chiefs	43	15		1.43	21.38	2.84	15							
29-Jun-13	Stormers	Cheetahs	28	3		1.49	20.5	2.64	15							
29-Jun-13	Bulls	Kings	48	18		1.04	34.63	11.17	15							
29-Jun-13	Sharks	Blues	22	20		1.43	20.83	2.87	15							
29-Jun-13	Highlanders	Crusaders	12	40		3.21	21.75	1.36	15							
28-Jun-13	Chiefs	Hurricanes	34	22		1.29	23.23	3.61	15							
9-Jun-13	Force	Waratahs	13	28		1.6	19.79	2.38	15							
7-Jun-13	Brumbies	Rebels	39	17		1.15	26	5.39	15							
1-Jun-13	Cheetahs	Bulls	25	30		2.17	19.18	1.7	16							
1-Jun-13	Stormers	Kings	19	11		1.07	32.98	7.65	16							
1-Jun-13	Reds	Rebels	33	20		1.26	22.95	3.81	15							
1-Jun-13	Highlanders	Blues	38	28		2.43	19.73	1.57	15							
31-May-13	Brumbies	Hurricanes	30	23		1.31	22.07	3.43	15							
31-May-13	Crusaders	Waratahs	23	22		1.17	25.25	4.84	15							
25-May-13	Sharks	Bulls	16	18		1.88	19.18	1.94	14							
25-May-13	Stormers	Reds	20	15		1.73	19.58	2.13	14							
25-May-13	Kings	Cheetahs	22	34		3.64	22.68	1.29	14							
25-May-13	Force	Highlanders	19	18		1.59	20.18	2.39	14							
25-May-13	Blues	Brumbies	13	20		1.6	19.35	2.37	14							
24-May-13	Rebels	Waratahs	24	22		2.98	21.48	1.4	14							
24-May-13	Chiefs	Crusaders	28	19		2.27	19.3	1.65	14							
18-May-13	Cheetahs	Reds	27	13		2.01	19.5	1.81	14							
18-May-13	Bulls	Highlanders	35	18		1.09	30.3	6.78	14							
18-May-13	Waratahs	Brumbies	28	22		1.88	19.35	1.93	14							
18-May-13	Crusaders	Blues	23	3		1.27	22.83	3.73	14							
17-May-13	Force	Sharks	13	23		2.17	19.73	1.7	14							
17-May-13	Rebels	Stormers	30	21		3.14	21.63	1.36	14							
17-May-13	Hurricanes	Chiefs	12	17		2.2	20.95	1.68	14							
11-May-13	Kings	Highlanders	34	27		3.72	23.85	1.27	14							
11-May-13	Waratahs	Stormers	21	15		1.81	19.55	2	14							
11-May-13	Blues	Rebels	36	32		1.13	26.25	5.64	14							
10-May-13	Cheetahs	Hurricanes	34	39		1.32	22.83	3.41	14							
10-May-13	Reds	Sharks	32	17		1.36	21.23	3.17	14							
10-May-13	Chiefs	Force	22	21		1.1	30.75	6.48	14							
5-May-13	Brumbies	Crusaders	23	30		1.61	19.5	2.33	15							
4-May-13	Bulls	Hurricanes	48	14		1.26	22.3	3.83	15							
4-May-13	Kings	Waratahs	10	72		3.39	22.11	1.32	15							
4-May-13	Force	Reds	11	11		3.5	21.35	1.3	15							
4-May-13	Highlanders	Sharks	25	22		1.94	19.3	1.88	14							
3-May-13	Rebels	Chiefs	33	39		3.7	22.43	1.28	15							
3-May-13	Blues	Stormers	18	17		1.63	19.1	2.3	15							
28-Apr-13	Crusaders	Rebels	30	26		1.04	39.67	13	14							
27-Apr-13	Cheetahs	Kings	26	12		1.11	30.08	6.3	14							
27-Apr-13	Bulls	Waratahs	30	19		1.26	23.83	3.74	14							
27-Apr-13	Brumbies	Force	41	7		1.16	25.05	5.02	14							
27-Apr-13	Chiefs	Sharks	37	29		1.18	25.25	4.82	14							
26-Apr-13	Reds	Blues	12	11		1.41	21.35	2.93	14							
26-Apr-13	Hurricanes	Stormers	16	18		1.73	19.48	2.11	14							
20-Apr-13	Kings	Bulls	0	34		4.04	23.2	1.24	14							
20-Apr-13	Sharks	Cheetahs	6	12		1.34	21.88	3.27	14							
20-Apr-13	Reds	Brumbies	19	19		1.66	19.33	2.25	14							
19-Apr-13	Crusaders	Highlanders	24	8		1.2	24.88	4.45	14							
19-Apr-13	Waratahs	Chiefs	25	20		2.54	20.93	1.52	15							
19-Apr-13	Hurricanes	Force	22	16		1.15	25.89	5.17	15							
13-Apr-13	Bulls	Cheetahs	26	20		1.38	20.85	3.04	15							
13-Apr-13	Stormers	Sharks	22	15		1.71	19.4	2.16	15							
13-Apr-13	Force	Crusaders	16	14		4.14	23	1.23	15							
13-Apr-13	Rebels	Kings	27	30		1.36	21.53	3.17	15							
13-Apr-13	Blues	Hurricanes	28	6		1.65	19.85	2.25	15							
13-Apr-13	Chiefs	Reds	23	31		1.29	21.5	3.66	15							
12-Apr-13	Highlanders	Brumbies	19	30		2.14	19.8	1.73	15							
6-Apr-13	Cheetahs	Stormers	26	24		2.7	20.88	1.47	14							
6-Apr-13	Force	Rebels	23	30		1.42	20.64	2.9	14							
6-Apr-13	Hurricanes	Waratahs	41	29		1.36	21.94	3.18	14							
5-Apr-13	Sharks	Crusaders	21	17		1.61	19.31	2.34	14							
5-Apr-13	Brumbies	Kings	28	28		1.01	39.75	15.75	14							
5-Apr-13	Blues	Highlanders	29	18		1.38	21	3.07	14							
31-Mar-13	Waratahs	Force	23	19		1.24	24.09	3.98	14							
30-Mar-13	Stormers	Crusaders	14	19		1.45	21.05	2.76	15							
30-Mar-13	Cheetahs	Rebels	34	16		1.11	29.28	6.27	15							
30-Mar-13	Brumbies	Bulls	23	20		1.3	22.83	3.54	15							
30-Mar-13	Chiefs	Blues	23	16		1.32	22.69	3.4	14							
30-Mar-13	Hurricanes	Kings	46	30		1.01	43.86	18.29	14							
29-Mar-13	Highlanders	Reds	33	34		1.62	19.81	2.33	13							
24-Mar-13	Waratahs	Blues	30	27		2.25	19.25	1.66	14							
23-Mar-13	Stormers	Brumbies	35	22		1.65	19.78	2.26	14							
23-Mar-13	Sharks	Rebels	64	7		1.12	30.09	6.09	14							
23-Mar-13	Force	Cheetahs	10	19		1.65	20.06	2.23	14							
23-Mar-13	Reds	Bulls	23	18		1.44	21.25	2.8	14							
23-Mar-13	Crusaders	Kings	55	20		1.01	47.75	18.38	12							
22-Mar-13	Chiefs	Highlanders	19	7		1.23	22.89	4.11	14							
16-Mar-13	Sharks	Brumbies	10	29		1.47	20.83	2.68	13							
16-Mar-13	Reds	Force	12	19		1.12	28.11	6.19	13							
16-Mar-13	Crusaders	Bulls	41	19		1.22	24.39	4.26	13							
15-Mar-13	Kings	Chiefs	24	35		7.65	32.33	1.08	13							
15-Mar-13	Waratahs	Cheetahs	26	27		1.31	23.48	3.44	14							
15-Mar-13	Highlanders	Hurricanes	19	23		1.71	20	2.15	13							
10-Mar-13	Blues	Bulls	21	28		1.29	24.22	3.53	14							
9-Mar-13	Kings	Sharks	12	21		7.76	33.25	1.07	13							
9-Mar-13	Stormers	Chiefs	36	34		1.8	19.03	2.04	14							
9-Mar-13	Brumbies	Waratahs	35	6		1.36	22.11	3.1	14							
9-Mar-13	Highlanders	Cheetahs	19	36		1.11	29.44	6.23	13							
8-Mar-13	Rebels	Reds	13	23		3.16	22.22	1.36	15							
8-Mar-13	Hurricanes	Crusaders	29	28		2.48	20.78	1.54	15							
2-Mar-13	Sharks	Stormers	12	6		1.56	20.02	2.44	15							
2-Mar-13	Bulls	Force	36	26		1.08	30.05	7.36	15							
2-Mar-13	Chiefs	Cheetahs	45	3		1.07	31.16	8.03	15							
1-Mar-13	Reds	Hurricanes	18	12		1.52	21.11	2.56	14							
1-Mar-13	Waratahs	Rebels	31	26		1.19	25.33	4.64	14							
1-Mar-13	Blues	Crusaders	34	15		2.53	21.2	1.52	14							
23-Feb-13	Kings	Force	22	10		4.54	25.56	1.19	12							
23-Feb-13	Cheetahs	Sharks	22	29		3.01	20.35	1.4	13							
23-Feb-13	Reds	Waratahs	25	17		1.77	18.3	2.08	13							
23-Feb-13	Hurricanes	Blues	20	34		1.39	21.45	3.04	14							
22-Feb-13	Bulls	Stormers	25	17		1.98	18.52	1.85	14							
22-Feb-13	Rebels	Brumbies	13	30		2.98	21.48	1.4	14							
22-Feb-13	Highlanders	Chiefs	27	41		1.74	19.5	2.11	13							
16-Feb-13	Brumbies	Reds	24	6		1.56	20.04	2.46	15							
15-Feb-13	Rebels	Force	30	23		1.34	22.08	3.27	15							
4-Aug-12	Chiefs	Sharks	37	6	Y	1.39	20.29	3.06	12							
28-Jul-12	Stormers	Sharks	19	26	Y	1.54	20.19	2.46	13							
27-Jul-12	Chiefs	Crusaders	20	17	Y	2.41	19.53	1.58	14							
21-Jul-12	Reds	Sharks	17	30	Y	1.49	20.04	2.65	14							
21-Jul-12	Crusaders	Bulls	28	13	Y	1.18	24.5	4.79	14							
14-Jul-12	Bulls	Lions	37	20		1.06	32.37	8.1	13							
14-Jul-12	Sharks	Cheetahs	34	15		1.1	29.36	6.2	13							
14-Jul-12	Stormers	Rebels	26	21		1.04	34.08	9.51	13							
14-Jul-12	Reds	Waratahs	32	16		1.24	23.68	3.95	13							
14-Jul-12	Crusaders	Force	38	24		1.01	38.91	13.83	13							
14-Jul-12	Brumbies	Blues	16	30		1.34	22.29	3.25	13							
13-Jul-12	Hurricanes	Chiefs	28	25		2.42	21.34	1.56	13							
7-Jul-12	Lions	Rebels	37	32		1.27	23.82	3.67	13							
7-Jul-12	Cheetahs	Stormers	6	13		3.36	23.25	1.31	13							
7-Jul-12	Waratahs	Brumbies	15	19		1.89	19.44	1.91	13							
7-Jul-12	Blues	Force	32	9		1.08	30.27	6.92	13							
6-Jul-12	Sharks	Bulls	32	10		1.76	19.2	2.06	13							
6-Jul-12	Reds	Highlanders	19	13		1.28	23.29	3.61	13							
6-Jul-12	Chiefs	Crusaders	21	28		2.02	19.5	1.79	13							
30-Jun-12	Bulls	Cheetahs	40	24		1.14	27.53	5.3	14							
30-Jun-12	Stormers	Lions	27	17		1.08	30.52	7.21	14							
30-Jun-12	Force	Brumbies	17	28		2.66	21.86	1.47	14							
30-Jun-12	Crusaders	Hurricanes	22	23		1.16	26.57	4.96	14							
29-Jun-12	Rebels	Reds	17	32		3.91	23.95	1.24	13							
29-Jun-12	Highlanders	Chiefs	21	27		2.28	19.83	1.62	12							
2-Jun-12	Bulls	Stormers	14	19		1.55	20.05	2.46	15							
2-Jun-12	Lions	Sharks	38	28		5.08	26.9	1.15	15							
2-Jun-12	Waratahs	Hurricanes	12	33		1.7	19.15	2.17	15							
2-Jun-12	Blues	Chiefs	34	41		3.96	22.95	1.24	15							
1-Jun-12	Rebels	Brumbies	19	27		3.98	23.16	1.23	15							
1-Jun-12	Crusaders	Highlanders	51	18		1.2	24.39	4.35	15							
26-May-12	Sharks	Stormers	25	20		1.73	19.27	2.11	15							
26-May-12	Cheetahs	Waratahs	35	34		1.66	19.78	2.22	15							
26-May-12	Force	Lions	17	11		1.36	22.59	3.12	15							
26-May-12	Brumbies	Reds	12	13		1.9	18.97	1.93	14							
26-May-12	Blues	Highlanders	20	27		2.5	20.2	1.53	14							
26-May-12	Hurricanes	Rebels	66	24		1.22	25.12	4.08	14							
25-May-12	Chiefs	Bulls	28	22		1.44	21.38	2.76	14							
20-May-12	Force	Rebels	31	32		1.89	18.67	1.93	14							
19-May-12	Stormers	Waratahs	19	13		1.27	23.03	3.7	14							
19-May-12	Cheetahs	Sharks	20	34		2.32	19.64	1.61	14							
19-May-12	Reds	Lions	34	20		1.05	32.72	8.28	14							
19-May-12	Crusaders	Blues	59	12		1.17	25.19	4.83	14							
19-May-12	Highlanders	Bulls	16	11		1.97	18.57	1.85	14							
18-May-12	Hurricanes	Brumbies	25	37		1.44	21.32	2.79	14							
13-May-12	Reds	Chiefs	42	27		1.95	18.61	1.86	11							
12-May-12	Stormers	Cheetahs	16	14		1.19	25.66	4.56	15							
12-May-12	Sharks	Force	53	11		1.15	27.41	5.08	15							
12-May-12	Rebels	Crusaders	28	19		5.84	29.29	1.12	15							
12-May-12	Highlanders	Hurricanes	20	26		1.61	20.18	2.3	15							
11-May-12	Waratahs	Bulls	24	27		1.89	19.15	1.91	15							
11-May-12	Blues	Lions	25	3		1.21	24.64	4.25	13							
6-May-12	Crusaders	Reds	15	11		1.15	27.82	5.01	14							
5-May-12	Cheetahs	Force	17	13		1.32	23.13	3.32	14							
5-May-12	Sharks	Highlanders	28	16		1.45	21.33	2.74	14							
5-May-12	Brumbies	Waratahs	23	6		1.83	18.91	1.98	14							
5-May-12	Chiefs	Lions	34	21		1.04	38.58	9.18	13							
4-May-12	Rebels	Bulls	35	41		5.08	28.79	1.15	12							
4-May-12	Hurricanes	Blues	35	19		1.5	20.13	2.6	12							
29-Apr-12	Waratahs	Crusaders	33	37		3.94	22	1.26	6							
28-Apr-12	Cheetahs	Highlanders	33	36		1.8	19.28	2.01	15							
28-Apr-12	Force	Stormers	3	17		2.95	21.88	1.39	15							
28-Apr-12	Chiefs	Hurricanes	33	14		1.34	22.01	3.2	15							
27-Apr-12	Lions	Brumbies	20	34		2.16	19.65	1.69	14							
27-Apr-12	Blues	Reds	11	23		1.43	21.71	2.81	14							
21-Apr-12	Bulls	Brumbies	36	34		1.1	27.99	6.18	16							
21-Apr-12	Sharks	Chiefs	12	18		1.69	19.6	2.16	16							
20-Apr-12	Waratahs	Rebels	30	21		1.11	27.96	5.97	16							
20-Apr-12	Hurricanes	Crusaders	14	42		3.31	22.04	1.33	16							
20-Apr-12	Reds	Stormers	13	23		2.1	19.42	1.73	15							
20-Apr-12	Highlanders	Blues	30	27		1.51	20.55	2.53	15							
14-Apr-12	Lions	Bulls	18	32		4.17	25.12	1.21	16							
14-Apr-12	Cheetahs	Chiefs	33	39		2.08	19.41	1.75	16							
14-Apr-12	Brumbies	Rebels	37	6		1.47	21.09	2.66	16							
14-Apr-12	Crusaders	Stormers	31	24		1.58	19.49	2.39	16							
13-Apr-12	Force	Waratahs	18	23		2.31	19.95	1.61	16							
13-Apr-12	Blues	Sharks	23	29		1.67	20.05	2.19	16							
7-Apr-12	Bulls	Crusaders	32	30		1.69	19.84	2.16	16							
7-Apr-12	Cheetahs	Lions	26	5		1.44	21.66	2.77	16							
7-Apr-12	Highlanders	Stormers	6	21		1.82	19.39	1.99	16							
6-Apr-12	Force	Chiefs	12	20		2.73	20.36	1.46	16							
6-Apr-12	Reds	Brumbies	20	13		1.68	20.57	2.18	16							
6-Apr-12	Hurricanes	Sharks	42	18		1.97	18.98	1.84	15							
5-Apr-12	Rebels	Blues	34	23		3.37	23	1.31	15							
31-Mar-12	Stormers	Bulls	20	17		1.57	20.28	2.38	9							
31-Mar-12	Lions	Crusaders	13	23		3.46	23.52	1.29	9							
31-Mar-12	Force	Reds	45	19		2.05	19.54	1.75	9							
31-Mar-12	Brumbies	Sharks	26	29		2.12	19.79	1.71	9							
31-Mar-12	Chiefs	Waratahs	30	13		1.49	21.33	2.59	9							
31-Mar-12	Hurricanes	Cheetahs	38	47		1.27	24.41	3.63	8							
30-Mar-12	Highlanders	Rebels	43	12		1.31	22.8	3.37	9							
24-Mar-12	Lions	Stormers	19	24		3.53	22.91	1.29	15							
24-Mar-12	Bulls	Reds	61	8		1.28	23.34	3.59	15							
24-Mar-12	Brumbies	Highlanders	33	26		2.31	20.56	1.61	15							
24-Mar-12	Crusaders	Cheetahs	28	21		1.07	34.93	7.43	14							
24-Mar-12	Waratahs	Sharks	34	30		1.62	20.45	2.29	15							
23-Mar-12	Rebels	Force	30	29		2.06	19.36	1.77	15							
23-Mar-12	Blues	Hurricanes	25	26		1.53	20.69	2.5	15							
18-Mar-12	Rebels	Cheetahs	26	33		1.56	21.13	2.43	13							
17-Mar-12	Sharks	Reds	27	22		1.58	20	2.4	15							
17-Mar-12	Waratahs	Force	20	21		1.14	26.09	5.29	15							
17-Mar-12	Hurricanes	Highlanders	17	19		2.02	19.73	1.81	13							
16-Mar-12	Stormers	Blues	27	17		1.4	22.18	2.94	15							
16-Mar-12	Chiefs	Brumbies	29	22		1.13	26.45	5.55	15							
10-Mar-12	Bulls	Blues	23	29		1.42	20.68	2.86	15							
10-Mar-12	Sharks	Lions	32	20		1.19	25.17	4.52	15							
10-Mar-12	Reds	Rebels	11	6		1.12	26.3	5.81	14							
10-Mar-12	Highlanders	Waratahs	18	17		1.69	19.25	2.19	14							
10-Mar-12	Brumbies	Cheetahs	24	23		1.32	22.33	3.38	13							
9-Mar-12	Force	Hurricanes	19	46		1.82	18.77	2.01	13							
9-Mar-12	Crusaders	Chiefs	19	24		1.41	20.6	2.88	14							
3-Mar-12	Stormers	Sharks	15	12		1.49	20.69	2.63	14							
3-Mar-12	Cheetahs	Bulls	19	51		2.29	20.27	1.63	14							
3-Mar-12	Reds	Force	35	20		1.18	26.2	4.63	12							
3-Mar-12	Highlanders	Crusaders	27	24		2.99	21.8	1.39	12							
2-Mar-12	Lions	Hurricanes	28	30		1.61	20	2.33	12							
2-Mar-12	Rebels	Waratahs	19	35		3.06	22.2	1.38	12							
2-Mar-12	Chiefs	Blues	29	14		2.54	20.2	1.52	12							
25-Feb-12	Lions	Cheetahs	27	25		1.56	19.52	2.46	10							
25-Feb-12	Stormers	Hurricanes	39	26		1.19	22.83	4.66	11							
25-Feb-12	Waratahs	Reds	21	25		1.89	19.22	1.94	11							
25-Feb-12	Chiefs	Highlanders	19	23		1.36	20.75	3.21	10							
24-Feb-12	Bulls	Sharks	18	13		1.74	19.02	2.13	11							
24-Feb-12	Brumbies	Force	19	17		1.6	19.81	2.35	11							
24-Feb-12	Blues	Crusaders	18	19		1.68	19.43	2.21	11							
9-Jul-11	Reds	Crusaders	18	13	Y	2.43	18.5	1.58	11							
2-Jul-11	Stormers	Crusaders	10	29	Y	2.15	18.36	1.71	11							
2-Jul-11	Reds	Blues	30	13	Y	2.88	20.57	1.41	11							
25-Jun-11	Crusaders	Sharks	36	8	Y	1.13	26.25	5.34	11							
24-Jun-11	Blues	Waratahs	26	13	Y	1.27	22.71	3.56	10							
18-Jun-11	Cheetahs	Stormers	34	44		3.25	21.29	1.33	10							
18-Jun-11	Bulls	Sharks	23	26		1.34	21.43	3.15	10							
18-Jun-11	Waratahs	Brumbies	41	7		1.26	22.25	3.77	11							
18-Jun-11	Crusaders	Hurricanes	16	9		1.27	22.63	3.65	11							
18-Jun-11	Chiefs	Reds	11	19		1.73	19.06	2.07	11							
17-Jun-11	Rebels	Force	24	27		2.77	20.63	1.43	11							
17-Jun-11	Blues	Highlanders	33	16		1.18	24.25	4.49	11							
11-Jun-11	Stormers	Bulls	16	19		1.55	19.19	2.42	11							
11-Jun-11	Lions	Sharks	30	30		3.66	23	1.26	10							
11-Jun-11	Force	Reds	21	24		2.54	20.5	1.49	11							
11-Jun-11	Waratahs	Highlanders	33	7		1.33	22.25	3.22	11							
11-Jun-11	Crusaders	Blues	23	16		1.31	22.38	3.33	11							
10-Jun-11	Brumbies	Rebels	32	17		1.21	24.63	4.23	11							
10-Jun-11	Chiefs	Hurricanes	18	18		1.45	20.44	2.68	11							
4-Jun-11	Cheetahs	Sharks	18	23		2.21	18.57	1.66	10							
4-Jun-11	Reds	Brumbies	14	22		1.07	31.75	7.06	11							
4-Jun-11	Blues	Chiefs	11	16		1.34	21.38	3.23	11							
4-Jun-11	Hurricanes	Lions	38	27		1.16	24.25	4.87	11							
3-Jun-11	Bulls	Waratahs	23	17		1.26	22.13	3.75	11							
3-Jun-11	Rebels	Stormers	3	40		6.14	27.5	1.11	11							
3-Jun-11	Highlanders	Force	14	21		1.28	22.29	3.52	10							
29-May-11	Reds	Crusaders	17	16		2.17	18	1.68	11							
28-May-11	Bulls	Cheetahs	32	21		1.25	22.57	3.79	10							
28-May-11	Sharks	Waratahs	26	21		1.45	20.86	2.72	10							
28-May-11	Brumbies	Stormers	3	16		3.48	22	1.29	11							
28-May-11	Highlanders	Lions	22	26		1.11	26.75	5.92	11							
27-May-11	Hurricanes	Force	34	28		1.1	27	6.44	11							
21-May-11	Sharks	Bulls	23	32		1.68	19.14	2.17	10							
21-May-11	Cheetahs	Rebels	41	21		1.07	28.71	7.21	10							
21-May-11	Force	Brumbies	13	13		1.38	20.5	2.97	11							
21-May-11	Waratahs	Lions	29	12		1.08	29.5	6.79	11							
21-May-11	Crusaders	Chiefs	25	19		1.24	22.75	3.9	11							
20-May-11	Blues	Stormers	26	28		1.4	20.5	2.87	11							
14-May-11	Cheetahs	Crusaders	33	20		4.7	26.14	1.17	10							
14-May-11	Bulls	Rebels	47	10		1.02	33.63	11.44	11							
14-May-11	Brumbies	Lions	20	29		1.12	26.13	5.8	11							
14-May-11	Chiefs	Stormers	30	23		2.23	18.81	1.64	11							
13-May-11	Reds	Blues	37	31		1.6	18.63	2.31	11							
13-May-11	Highlanders	Hurricanes	13	6		1.89	19	1.91	10							
7-May-11	Sharks	Brumbies	34	16		1.12	26.71	5.5	10							
7-May-11	Stormers	Crusaders	14	20		1.69	19.31	2.13	11							
7-May-11	Waratahs	Force	20	15		1.35	21.38	3.11	11							
7-May-11	Chiefs	Highlanders	20	7		1.64	19.44	2.22	11							
6-May-11	Lions	Cheetahs	19	53		1.84	18	1.96	9							
6-May-11	Rebels	Reds	18	33		6.16	27.75	1.1	11							
6-May-11	Hurricanes	Blues	11	17		2.44	19.31	1.54	11							
30-Apr-11	Stormers	Sharks	32	12		1.49	19.71	2.61	10							
30-Apr-11	Bulls	Chiefs	43	27		1.43	20.38	2.81	11							
30-Apr-11	Force	Crusaders	30	42		3.2	20.5	1.34	11							
30-Apr-11	Waratahs	Rebels	28	9		1.19	25	4.53	11							
30-Apr-11	Hurricanes	Reds	28	26		2.35	18.88	1.58	11							
29-Apr-11	Cheetahs	Brumbies	47	36		1.71	19.14	2.1	10							
29-Apr-11	Highlanders	Blues	10	15		2.21	18.75	1.66	11							
23-Apr-11	Lions	Chiefs	30	34		2.37	18.94	1.57	11							
23-Apr-11	Sharks	Hurricanes	40	24		1.23	22.86	3.98	10							
23-Apr-11	Force	Bulls	26	21		2.4	18.81	1.55	11							
23-Apr-11	Reds	Waratahs	19	15		1.46	19.63	2.68	11							
23-Apr-11	Crusaders	Highlanders	18	26		1.08	30.13	6.98	11							
22-Apr-11	Blues	Rebels	40	23		1.02	36.25	12.06	10							
17-Apr-11	Brumbies	Force	19	27		1.32	21.75	3.28	11							
16-Apr-11	Cheetahs	Hurricanes	47	50		1.79	18.86	2.02	9							
16-Apr-11	Lions	Stormers	19	33		4.27	23.38	1.2	11							
16-Apr-11	Reds	Bulls	39	30		1.36	21.13	3.08	11							
16-Apr-11	Blues	Waratahs	31	17		1.39	20.75	2.91	10							
15-Apr-11	Rebels	Highlanders	18	40		2.18	18.56	1.68	11							
15-Apr-11	Chiefs	Crusaders	16	34		4.18	24.13	1.21	11							
9-Apr-11	Sharks	Lions	27	3		1.18	24.5	4.54	11							
9-Apr-11	Stormers	Reds	6	19		1.26	21.13	3.72	11							
9-Apr-11	Force	Waratahs	3	31		2.78	20.25	1.42	11							
9-Apr-11	Brumbies	Hurricanes	17	16		1.67	18.56	2.19	11							
9-Apr-11	Crusaders	Bulls	27	0		1.25	22.13	3.78	11							
8-Apr-11	Highlanders	Cheetahs	24	21		1.13	26.5	5.38	11							
2-Apr-11	Sharks	Stormers	6	16		1.98	18.5	1.82	11							
2-Apr-11	Lions	Reds	25	30		2.9	21	1.4	11							
2-Apr-11	Force	Rebels	25	26		1.2	23.75	4.29	11							
2-Apr-11	Hurricanes	Bulls	14	26		1.58	18.81	2.33	11							
2-Apr-11	Blues	Cheetahs	29	22		1.01	37.13	12.13	10							
1-Apr-11	Waratahs	Chiefs	23	16		1.37	21	3.06	11							
1-Apr-11	Highlanders	Brumbies	26	20		1.38	20.78	2.99	11							
27-Mar-11	Crusaders	Sharks	44	28		1.18	23.5	4.53	10							
26-Mar-11	Bulls	Lions	30	23		1.16	26	4.89	10							
26-Mar-11	Stormers	Force	51	16		1.18	24.75	4.59	11							
26-Mar-11	Brumbies	Waratahs	22	29		2.26	19.19	1.63	11							
26-Mar-11	Chiefs	Blues	13	16		2.05	18.44	1.77	10							
26-Mar-11	Reds	Cheetahs	41	8		1.07	31.13	7.11	11							
25-Mar-11	Rebels	Hurricanes	42	25		4.43	24.25	1.19	10							
19-Mar-11	Bulls	Stormers	13	23		1.52	19.31	2.51	10							
19-Mar-11	Lions	Force	15	27		1.57	19.31	2.36	10							
19-Mar-11	Waratahs	Cheetahs	3	23		1.03	33.86	9.54	10							
19-Mar-11	Blues	Hurricanes	41	17		1.55	19.44	2.42	10							
19-Mar-11	Highlanders	Crusaders	13	44		4.31	24	1.2	10							
18-Mar-11	Reds	Rebels	53	3		1.08	30.13	7.01	10							
18-Mar-11	Chiefs	Sharks	15	9		1.75	18.94	2.06	10							
12-Mar-11	Cheetahs	Lions	20	25		1.73	18.44	2.09	10							
12-Mar-11	Force	Blues	22	22		3.28	22.13	1.32	10							
12-Mar-11	Hurricanes	Chiefs	29	26		1.51	20.25	2.52	10							
11-Mar-11	Stormers	Highlanders	18	6		1.39	20.75	2.95	10							
11-Mar-11	Rebels	Sharks	32	34		4.66	24.13	1.18	10							
11-Mar-11	Crusaders	Brumbies	52	10		1.08	30.25	7.12	10							
5-Mar-11	Bulls	Highlanders	28	35		1.12	28.57	5.83	9							
5-Mar-11	Stormers	Cheetahs	21	15		1.17	25.14	4.69	9							
5-Mar-11	Force	Sharks	12	39		2.3	18.83	1.61	7							
5-Mar-11	Brumbies	Reds	25	31		1.41	20.43	2.85	9							
5-Mar-11	Chiefs	Rebels	38	10		1.13	27.71	5.35	9							
4-Mar-11	Lions	Blues	32	41		2.22	18.79	1.64	9							
4-Mar-11	Crusaders	Waratahs	33	18		1.48	19.83	2.62	8							
26-Feb-11	Stormers	Lions	19	16		1.18	25	4.56	9							
26-Feb-11	Sharks	Blues	26	12		1.53	18.92	2.49	8							
26-Feb-11	Waratahs	Reds	30	6		1.36	21.17	3.07	8							
26-Feb-11	Hurricanes	Crusaders														
25-Feb-11	Cheetahs	Bulls	23	25		5.77	28.29	1.12	9							
25-Feb-11	Rebels	Brumbies	25	24		5.68	27.33	1.13	8							
25-Feb-11	Highlanders	Chiefs	23	13		2.41	18.92	1.57	8							
20-Feb-11	Reds	Force	21	20		1.17	25	4.74	6							
19-Feb-11	Lions	Bulls	20	24		5.38	28.17	1.13	8							
19-Feb-11	Sharks	Cheetahs	24	9		1.14	27.14	5.21	9							
19-Feb-11	Brumbies	Chiefs	28	20		1.67	18.92	2.2	6							
19-Feb-11	Blues	Crusaders	24	22		2.04	18.92	1.78	6							
18-Feb-11	Rebels	Waratahs	0	43		3.44	22.5	1.31	8							
18-Feb-11	Hurricanes	Highlanders	9	14		1.13	28.5	5.56	8							
29-May-10	Bulls	Stormers	25	17		1.47	20	2.7	8							
22-May-10	Stormers	Waratahs	25	6		1.32	21.14	3.34	8							
22-May-10	Bulls	Crusaders	39	24		1.4	20.71	2.94	8							
15-May-10	Stormers	Bulls	38	10		1.11	27.14	6.23	7							
15-May-10	Cheetahs	Lions	59	10		1.14	24.57	5.17	8							
15-May-10	Reds	Highlanders	38	36		1.18	24.14	4.62	8							
15-May-10	Blues	Chiefs	30	20		1.17	25.14	4.73	8							
14-May-10	Sharks	Force	27	22		1.14	26.86	5.1	8							
14-May-10	Waratahs	Hurricanes	32	16		1.63	20.29	2.23	8							
14-May-10	Crusaders	Brumbies	40	22		1.4	21.86	2.91	8							
8-May-10	Sharks	Stormers	20	14		2.7	20.57	1.45	8							
8-May-10	Cheetahs	Force	29	14		1.98	18.67	1.82	8							
8-May-10	Lions	Blues	14	56		3.43	22	1.3	8							
8-May-10	Brumbies	Highlanders	31	3		1.13	27.29	5.25	8							
8-May-10	Chiefs	Waratahs	19	46		2.15	19.14	1.69	8							
7-May-10	Bulls	Crusaders	40	35		1.27	23.29	3.66	8							
7-May-10	Hurricanes	Reds	44	21		1.43	21.43	2.75	8							
1-May-10	Bulls	Sharks	27	19		1.28	22	3.59	8							
1-May-10	Lions	Force	12	33		2.39	19.43	1.56	8							
1-May-10	Cheetahs	Blues	36	32		2.78	20.43	1.42	8							
1-May-10	Brumbies	Reds	32	12		1.85	17.71	1.96	8							
1-May-10	Hurricanes	Chiefs	33	27		1.16	25.57	4.96	8							
30-Apr-10	Stormers	Crusaders	42	14		1.56	19.43	2.4	8							
30-Apr-10	Highlanders	Waratahs	26	10		2.78	20.29	1.43	8							
24-Apr-10	Sharks	Blues	23	10		1.57	19.29	2.36	8							
24-Apr-10	Bulls	Lions	51	11		1.03	35.71	10.64	8							
24-Apr-10	Waratahs	Brumbies	19	12		1.55	19.29	2.4	8							
24-Apr-10	Highlanders	Hurricanes	31	33		3.35	21.14	1.32	8							
23-Apr-10	Force	Crusaders	24	16		5.03	24.71	1.15	8							
23-Apr-10	Reds	Stormers	16	13		2.04	18.43	1.78	8							
23-Apr-10	Chiefs	Cheetahs	25	25		1.06	32.86	7.56	8							
17-Apr-10	Lions	Sharks	28	32		4.23	23.57	1.21	8							
17-Apr-10	Reds	Bulls	19	12		2.32	20	1.59	8							
17-Apr-10	Crusaders	Cheetahs	45	6		1.01	40.83	13.5	8							
17-Apr-10	Blues	Force	38	17		1.26	23.14	3.76	8							
16-Apr-10	Brumbies	Hurricanes	13	23		1.47	21.14	2.62	8							
16-Apr-10	Chiefs	Stormers	15	49		2.07	18.43	1.76	8							
10-Apr-10	Lions	Reds	26	41		3.14	21.14	1.36	8							
10-Apr-10	Brumbies	Cheetahs	61	15		1.04	32	8.89	8							
10-Apr-10	Crusaders	Waratahs	20	13		1.28	22.86	3.54	8							
10-Apr-10	Blues	Stormers	21	33		1.36	22.14	3.04	8							
10-Apr-10	Highlanders	Force	27	41		1.38	21.57	2.98	8							
9-Apr-10	Chiefs	Bulls	19	33		1.8	19.67	2	7							
3-Apr-10	Sharks	Reds	30	28		1.51	20.29	2.5	8							
3-Apr-10	Waratahs	Cheetahs	40	17		1.09	29.43	6.54	8							
3-Apr-10	Chiefs	Highlanders	27	21		1.2	23.14	4.28	8							
3-Apr-10	Blues	Bulls	32	17		1.88	18	1.92	8							
2-Apr-10	Force	Stormers	16	15		3.29	21.86	1.32	8							
2-Apr-10	Hurricanes	Crusaders	26	26		2.36	19.29	1.57	8							
27-Mar-10	Force	Bulls	15	28		4.84	25.14	1.17	8							
27-Mar-10	Waratahs	Blues	39	32		1.62	18.86	2.27	8							
27-Mar-10	Hurricanes	Sharks	26	29		1.46	20.43	2.65	8							
26-Mar-10	Cheetahs	Reds	10	31		1.98	18.57	1.83	8							
26-Mar-10	Brumbies	Chiefs	30	23		1.64	18.86	2.24	8							
26-Mar-10	Highlanders	Lions	39	29		1.12	30.17	5.78	7							
20-Mar-10	Stormers	Cheetahs	21	8		1.19	22.29	4.55	8							
20-Mar-10	Force	Waratahs	10	14		4.28	21.86	1.21	8							
20-Mar-10	Highlanders	Sharks	16	30		2.08	18	1.75	8							
20-Mar-10	Crusaders	Lions	46	19		1.01	36.25	13	7							
19-Mar-10	Bulls	Hurricanes	19	18		1.13	26.29	5.61	8							
19-Mar-10	Blues	Brumbies	39	34		1.67	18.71	2.19	8							
14-Mar-10	Reds	Force	50	10		1.31	22.57	3.38	8							
13-Mar-10	Stormers	Hurricanes	37	13		1.51	20	2.52	8							
13-Mar-10	Bulls	Highlanders	50	35		1.03	35.71	10.21	8							
13-Mar-10	Brumbies	Sharks	24	22		1.25	22.71	3.76	8							
12-Mar-10	Waratahs	Lions	73	12		1.08	32.17	7.25	7							
12-Mar-10	Chiefs	Crusaders	19	26		2.21	19.14	1.66	8							
6-Mar-10	Cheetahs	Hurricanes	28	12		2.67	18.33	1.47	7							
6-Mar-10	Stormers	Highlanders	33	0		1.35	20.17	3.16	7							
6-Mar-10	Waratahs	Sharks	25	21		1.27	22	3.61	8							
6-Mar-10	Crusaders	Blues	33	20		1.21	21.43	4.27	8							
5-Mar-10	Brumbies	Lions	24	13		1.04	33.67	9.67	7							
5-Mar-10	Chiefs	Reds	18	23		1.06	28.29	7.86	8							
27-Feb-10	Bulls	Waratahs	48	38		1.13	27.57	5.34	8							
27-Feb-10	Cheetahs	Highlanders	24	31		1.47	19.57	2.64	8							
27-Feb-10	Force	Chiefs	19	37		3.1	21	1.36	8							
27-Feb-10	Reds	Blues	18	27		1.67	18.29	2.19	8							
27-Feb-10	Hurricanes	Lions	33	18		1.02	40.33	11.5	8							
26-Feb-10	Stormers	Brumbies	17	19		1.53	19.71	2.47	8							
26-Feb-10	Crusaders	Sharks	35	6		1.15	25.57	5.1	8							
20-Feb-10	Stormers	Waratahs	27	6		1.42	19.57	2.84	8							
20-Feb-10	Bulls	Brumbies	50	32		1.38	20.43	2.99	8							
20-Feb-10	Hurricanes	Force	47	22		1.06	32.14	7.9	8							
19-Feb-10	Lions	Chiefs	65	72		3.54	21.43	1.29	8							
19-Feb-10	Sharks	Cheetahs	20	25		1.25	22.29	3.8	8							
19-Feb-10	Reds	Crusaders	41	20		4.47	24.33	1.19	4							
19-Feb-10	Highlanders	Blues	15	19		1.97	19	1.85	4							
13-Feb-10	Sharks	Chiefs	18	19		1.45	21	2.69	4							
13-Feb-10	Lions	Stormers	13	26		3.22	22.67	1.34	4							
13-Feb-10	Reds	Waratahs	28	30		2.71	20.33	1.45	4							
13-Feb-10	Crusaders	Highlanders	32	17		1.14	29.67	5.5	4							
12-Feb-10	Cheetahs	Bulls	34	51		4.03	23.33	1.23	4							
12-Feb-10	Force	Brumbies	15	24		2.57	21	1.49	4							
12-Feb-10	Blues	Hurricanes	20	34		2.12	19.67	1.72	4							
30-May-09	Bulls	Chiefs	61	17	Y	1.37	20	3.09	7							
23-May-09	Bulls	Crusaders	36	23	Y	1.43	21.33	2.83	7							
22-May-09	Chiefs	Hurricanes	14	10	Y	1.85	17.6	1.94	6							
16-May-09	Sharks	Bulls	26	27		2.08	19	1.73	7							
16-May-09	Cheetahs	Stormers	22	28		1.78	19.17	2.02	7							
16-May-09	Force	Highlanders	33	28		1.21	23	4.1	7							
16-May-09	Reds	Hurricanes	28	37		5.7	30.17	1.11	7							
16-May-09	Blues	Crusaders	13	15		2.57	21.33	1.49	7							
15-May-09	Lions	Waratahs	33	38		2.67	21.5	1.46	7							
15-May-09	Chiefs	Brumbies	10	7		1.23	23.5	4.03	7							
9-May-09	Stormers	Force	25	24		2.1	17.83	1.73	7							
9-May-09	Bulls	Cheetahs	29	20		1.1	29.83	6.17	7							
9-May-09	Sharks	Waratahs	12	16		1.41	20.17	2.85	7							
9-May-09	Brumbies	Blues	37	15		1.5	20.33	2.53	7							
9-May-09	Chiefs	Hurricanes	16	8		1.82	17.83	1.97	7							
8-May-09	Lions	Highlanders	27	22		1.92	17.2	1.86	7							
8-May-09	Crusaders	Reds	32	12		1.06	34.17	7.63	7							
2-May-09	Stormers	Chiefs	14	28		2.02	18.83	1.77	7							
2-May-09	Bulls	Force	32	29		1.29	23.17	3.47	7							
2-May-09	Sharks	Highlanders	23	15		1.12	28.33	5.75	7							
2-May-09	Reds	Brumbies	13	52		1.94	17.83	1.86	7							
1-May-09	Cheetahs	Waratahs	10	18		2.16	18.83	1.69	7							
1-May-09	Lions	Crusaders	20	32		2.52	20.67	1.5	7							
1-May-09	Hurricanes	Blues	45	27		1.26	24.33	3.69	7							
25-Apr-09	Bulls	Chiefs	33	27		1.5	20.67	2.55	7							
25-Apr-09	Cheetahs	Crusaders	20	13		3.43	23.33	1.29	7							
25-Apr-09	Hurricanes	Brumbies	56	7		1.31	22.5	3.32	7							
25-Apr-09	Blues	Reds	24	31		1.09	31.5	6.37	7							
24-Apr-09	Force	Lions	55	14		1.23	24.67	4.08	7							
24-Apr-09	Highlanders	Stormers	11	18		1.43	22.17	2.78	7							
18-Apr-09	Sharks	Crusaders	10	13		1.4	21.5	2.86	7							
18-Apr-09	Cheetahs	Chiefs	10	28		2.82	21.83	1.41	7							
18-Apr-09	Waratahs	Force	14	15		1.55	19.33	2.41	7							
18-Apr-09	Reds	Lions	20	31		1.36	22	3.08	7							
18-Apr-09	Hurricanes	Stormers	34	11		1.28	23	3.55	7							
17-Apr-09	Brumbies	Bulls	32	31		1.7	19.17	2.12	7							
17-Apr-09	Blues	Highlanders	26	6		1.32	22.17	3.3	7							
11-Apr-09	Cheetahs	Sharks	31	6		5.84	31.17	1.11	7							
11-Apr-09	Waratahs	Bulls	6	20		1.61	20	2.26	7							
11-Apr-09	Brumbies	Stormers	17	10					0							
11-Apr-09	Highlanders	Reds	24	19		1.35	22.67	3.08	7							
10-Apr-09	Force	Hurricanes	27	28		1.89	18	1.9	7							
10-Apr-09	Blues	Lions	36	12		1.09	29.83	6.58	7							
4-Apr-09	Cheetahs	Brumbies	27	40		2.33	19.83	1.58	7							
4-Apr-09	Waratahs	Stormers	12	6		1.42	22	2.79	7							
4-Apr-09	Chiefs	Lions	36	29		1.03	38.17	9.83	7							
4-Apr-09	Sharks	Hurricanes	33	17		1.38	22	2.94	7							
3-Apr-09	Crusaders	Bulls	16	13		1.6	20	2.28	6							
28-Mar-09	Lions	Hurricanes	32	38		2.56	21	1.49	7							
28-Mar-09	Sharks	Brumbies	35	14		1.2	24.67	4.27	7							
28-Mar-09	Reds	Chiefs	26	50		2.3	19	1.6	7							
28-Mar-09	Crusaders	Stormers	11	7		1.38	21.83	2.95	7							
28-Mar-09	Highlanders	Bulls	36	12		2.52	20.67	1.51	7							
27-Mar-09	Blues	Waratahs	22	27		1.46	21	2.64	6							
21-Mar-09	Lions	Brumbies	25	17		2.29	20	1.59	6							
21-Mar-09	Force	Sharks	10	22		2.18	19.4	1.67	6							
21-Mar-09	Waratahs	Crusaders	13	17		1.49	20.6	2.56	6							
21-Mar-09	Chiefs	Blues	63	34		1.9	18.4	1.88	6							
21-Mar-09	Highlanders	Cheetahs	32	8		1.13	27.4	5.4	6							
20-Mar-09	Hurricanes	Bulls	14	19		1.46	21	2.65	6							
14-Mar-09	Stormers	Lions	56	18		1.26	21.67	3.72	7							
14-Mar-09	Reds	Sharks	25	13		2.92	20.33	1.4	7							
14-Mar-09	Highlanders	Chiefs	10	14		2.29	19.5	1.6	7							
14-Mar-09	Crusaders	Force	23	23		1.56	19.17	2.4	7							
13-Mar-09	Brumbies	Waratahs	21	11		1.91	18	1.89	7							
13-Mar-09	Blues	Cheetahs	46	12		1.04	34.5	8.63	6							
7-Mar-09	Bulls	Stormers	14	10		1.33	22	3.24	6							
7-Mar-09	Highlanders	Crusaders	6	0		2.82	20.67	1.41	6							
7-Mar-09	Blues	Sharks	31	35		1.75	18.17	2.06	6							
7-Mar-09	Hurricanes	Cheetahs	29	12		1.05	33.2	8.15	6							
6-Mar-09	Waratahs	Reds	15	11					0							
6-Mar-09	Chiefs	Force	31	13					0							
1-Mar-09	Reds	Cheetahs	22	3					0							
28-Feb-09	Stormers	Blues	8	14					0							
28-Feb-09	Lions	Bulls	9	16					0							
28-Feb-09	Brumbies	Force	16	25					0							
28-Feb-09	Chiefs	Sharks	15	22					0							
27-Feb-09	Waratahs	Highlanders	34	16					0							
27-Feb-09	Crusaders	Hurricanes	24	30					0							
21-Feb-09	Sharks	Lions	25	10					0							
21-Feb-09	Bulls	Blues	59	26					0							
21-Feb-09	Brumbies	Crusaders	18	16					0							
20-Feb-09	Force	Cheetahs	16	10					0							
20-Feb-09	Waratahs	Chiefs	11	7					0							
20-Feb-09	Hurricanes	Highlanders	22	17					0							
14-Feb-09	Bulls	Reds	33	20					0							
14-Feb-09	Stormers	Sharks	15	20		2.02	18.4	1.77	6							
14-Feb-09	Hurricanes	Waratahs	22	26		1.37	21.4	3.02	6							
14-Feb-09	Crusaders	Chiefs	19	13		1.32	21.4	3.29	6							
13-Feb-09	Lions	Cheetahs	34	28		1.59	20.2	2.3	6							
13-Feb-09	Force	Blues	19	25		2.03	19.4	1.78	6							
13-Feb-09	Highlanders	Brumbies	31	33		2.21	20	1.64	6							
