Date,Home Team,Away Team,Home Score,Away Score,Play-off Game?,Home Odds,Draw Odds,Away Odds,Bookmakers Surveyed
2020-02-21 00:00:00,Crusaders,Highlanders,0,0,,1.12,28.51,6.33,11
2020-02-22 00:00:00,Rebels,Sharks,0,0,,2.77,21.98,1.46,11
2020-02-22 00:00:00,Chiefs,Brumbies,0,0,,1.10,28.42,6.56,11
2020-02-22 00:00:00,Reds,Sunwolves,0,0,,1.13,29.07,5.60,11
2020-02-22 00:00:00,Stormers,Jaguares,0,0,,1.34,22.07,3.25,10
2020-02-22 00:00:00,Bulls,Blues,0,0,,2.09,21.08,1.77,10
2020-02-14,Blues,Crusaders,8,25,,3.47,24.74,1.31,11
2020-02-14,Rebels,Waratahs,24,10,,1.61,20.81,2.35,11
2020-02-15,Sunwolves,Chiefs,17,43,,9.49,40.78,1.05,11
2020-02-15,Hurricanes,Sharks,38,22,,1.31,24.35,3.41,11
2020-02-15,Brumbies,Highlanders,22,23,,1.44,22.14,2.78,11
2020-02-15,Lions,Stormers,30,33,,2.62,22.26,1.5,11
2020-02-15,Jaguares,Reds,43,27,,1.17,30.03,4.88,10
2020-07-02,Highlanders,Sharks,20,42,,1.39,22.61,3.01,11
2020-07-02,Brumbies,Rebels,39,26,,1.38,23.09,3.08,11
2020-08-02,Chiefs,Crusaders,25,15,,1.98,22.72,1.83,10
2020-08-02,Waratahs,Blues,12,32,,1.98,20.86,1.85,11
2020-08-02,Lions,Reds,27,20,,1.53,23.66,2.5,10
2020-08-02,Stormers,Bulls,13,0,,1.27,25.8,3.74,10
2020-08-02,Jaguares,Hurricanes,23,26,,1.47,21.88,2.75,10
2020-01-02,Jaguares,Lions,38,8,,1.24,25.47,4.08,10
2020-01-02,Stormers,Hurricanes,27,0,,1.74,21.37,2.14,10
2020-01-02,Crusaders,Waratahs,43,25,,1.08,35.6,7.45,10
2020-01-02,Sunwolves,Rebels,36,27,,6.6,34.41,1.1,10
2020-01-31,Sharks,Bulls,23,15,,1.52,20.82,2.57,10
2020-01-31,Brumbies,Reds,27,24,,1.38,23.08,3.07,10
2020-01-31,Blues,Chiefs,29,37,,2.29,22.19,1.64,10
2019-06-07,Crusaders,Jaguares,19,3,Y,1.14,28.05,5.8,9
2019-06-28,Jaguares,Brumbies,39,7,Y,1.2,26.71,4.66,10
2019-06-28,Crusaders,Hurricanes,30,26,Y,1.46,21.93,2.8,10
2019-06-21,Crusaders,Highlanders,38,14,Y,1.14,30.28,5.53,10
2019-06-21,Jaguares,Chiefs,21,16,Y,1.18,28.13,4.81,10
2019-06-21,Hurricanes,Bulls,35,28,Y,1.67,22.2,2.23,10
2019-06-21,Brumbies,Sharks,38,13,Y,1.39,22.63,3.03,10
2019-06-14,Highlanders,Waratahs,49,12,,1.1,35.62,6.87,10
2019-06-14,Rebels,Chiefs,8,59,,2.06,21.81,1.78,10
2019-06-14,Jaguares,Sunwolves,52,10,,1.05,44.04,9.21,10
2019-06-14,Hurricanes,Blues,29,24,,2.0,20.67,1.83,10
2019-06-14,Brumbies,Reds,40,27,,1.29,23.7,3.62,10
2019-06-14,Stormers,Sharks,9,12,,1.72,20.75,2.16,10
2019-06-14,Bulls,Lions,48,27,,1.51,22.14,2.59,10
2019-07-06,Highlanders,Bulls,24,24,,1.26,25.59,3.89,10
2019-07-06,Reds,Blues,29,28,,2.09,21.96,1.75,10
2019-07-06,Crusaders,Rebels,66,0,,1.07,36.49,7.9,10
2019-07-06,Waratahs,Brumbies,24,35,,1.8,21.21,2.04,10
2019-07-06,Lions,Hurricanes,17,37,,2.29,22.44,1.64,10
2019-07-06,Stormers,Sunwolves,31,18,,1.04,46.41,11.14,10
2019-07-06,Jaguares,Sharks,34,7,,1.4,23.02,3.02,10
2019-05-31,Blues,Bulls,22,22,,1.29,24.01,3.68,10
2019-05-31,Rebels,Waratahs,15,20,,1.39,22.93,3.05,10
2019-05-31,Sunwolves,Brumbies,19,42,,5.21,28.12,1.16,10
2019-05-31,Chiefs,Crusaders,40,27,,4.92,29.16,1.18,10
2019-05-31,Reds,Jaguares,23,34,,2.39,20.98,1.61,10
2019-05-31,Sharks,Hurricanes,17,30,,2.23,20.67,1.69,10
2019-05-31,Lions,Stormers,41,22,,1.57,21.16,2.49,10
2019-05-24,Chiefs,Reds,19,13,,1.22,27.05,4.28,10
2019-05-24,Brumbies,Bulls,22,10,,1.4,22.65,2.98,10
2019-05-24,Sunwolves,Rebels,7,52,,2.94,23.72,1.41,10
2019-05-24,Crusaders,Blues,19,11,,1.16,27.85,5.28,10
2019-05-24,Waratahs,Jaguares,15,23,,1.63,22.3,2.32,10
2019-05-24,Stormers,Highlanders,34,22,,1.7,21.13,2.19,10
2019-05-24,Sharks,Lions,27,17,,1.49,22.05,2.67,10
2019-05-17,Hurricanes,Jaguares,20,28,,1.21,28.27,4.4,10
2019-05-17,Rebels,Bulls,17,32,,1.39,23.23,3.03,10
2019-05-17,Blues,Chiefs,23,8,,1.47,21.64,2.73,10
2019-05-17,Reds,Waratahs,32,40,,1.96,19.99,1.87,10
2019-05-17,Lions,Highlanders,38,29,,1.87,20.02,1.97,10
2019-05-17,Stormers,Crusaders,19,19,,4.62,27.98,1.19,10
2019-10-05,Blues,Hurricanes,12,22,,2.87,22.18,1.43,10
2019-10-05,Rebels,Reds,30,24,,1.26,23.76,3.91,10
2019-10-05,Bulls,Crusaders,13,45,,3.81,24.48,1.27,10
2019-10-05,Highlanders,Jaguares,32,27,,1.16,30.18,5.25,10
2019-10-05,Chiefs,Sharks,29,23,,1.56,21.62,2.46,10
2019-10-05,Lions,Waratahs,29,28,,1.35,22.92,3.22,10
2019-10-05,Brumbies,Sunwolves,33,0,,1.15,30.38,5.28,10
2019-03-05,Crusaders,Sharks,21,21,,1.05,40.4,9.2,10
2019-03-05,Reds,Sunwolves,32,26,,1.3,24.04,3.59,10
2019-04-05,Hurricanes,Rebels,29,19,,1.22,27.73,4.29,10
2019-04-05,Highlanders,Chiefs,31,31,,1.23,26.59,4.17,10
2019-04-05,Brumbies,Blues,26,21,,2.03,20.48,1.82,10
2019-04-05,Bulls,Waratahs,28,21,,1.35,23.15,3.27,10
2019-04-05,Jaguares,Stormers,30,25,,1.55,20.16,2.52,10
2019-04-26,Crusaders,Lions,36,10,,1.07,39.98,8.09,10
2019-04-26,Sunwolves,Highlanders,0,52,,3.63,25.54,1.29,10
2019-04-27,Hurricanes,Chiefs,47,19,,1.22,26.53,4.27,10
2019-04-27,Waratahs,Sharks,15,23,,1.4,23.24,3.0,10
2019-04-27,Stormers,Bulls,24,23,,1.72,20.27,2.15,10
2019-04-27,Jaguares,Brumbies,20,15,,1.53,22.3,2.54,10
2019-04-19,Chiefs,Lions,17,23,,1.45,23.84,2.81,10
2019-04-19,Sunwolves,Hurricanes,23,29,,5.51,31.98,1.14,10
2019-04-19,Sharks,Reds,14,21,,1.2,28.26,4.63,10
2019-04-20,Highlanders,Blues,24,12,,1.69,24.61,2.18,10
2019-04-20,Waratahs,Rebels,23,20,,1.95,23.37,1.88,10
2019-04-20,Stormers,Brumbies,17,19,,1.36,23.4,3.23,10
2019-12-04,Crusaders,Highlanders,43,17,,1.14,29.5,5.64,10
2019-12-04,Rebels,Stormers,24,41,,1.24,26.45,4.11,10
2019-04-13,Chiefs,Blues,33,29,,1.49,22.7,2.67,10
2019-04-13,Brumbies,Lions,31,20,,1.59,22.39,2.38,10
2019-04-13,Sharks,Jaguares,17,51,,1.35,23.71,3.25,10
2019-04-13,Bulls,Reds,32,17,,1.16,31.04,5.0,10
2019-05-04,Highlanders,Hurricanes,28,31,,2.22,21.36,1.68,10
2019-05-04,Reds,Stormers,24,12,,1.92,21.36,1.9,10
2019-05-04,Lions,Sharks,5,42,,1.38,22.93,3.08,10
2019-06-04,Crusaders,Brumbies,36,14,,1.03,41.75,11.32,10
2019-06-04,Blues,Waratahs,32,29,,1.34,23.58,3.34,10
2019-06-04,Rebels,Sunwolves,42,15,,1.16,29.75,5.14,10
2019-06-04,Bulls,Jaguares,20,22,,1.44,22.8,2.81,10
2019-03-29,Hurricanes,Crusaders,8,32,,2.24,20.96,1.67,10
2019-03-29,Waratahs,Sunwolves,29,31,,1.11,33.52,6.23,10
2019-03-30,Blues,Stormers,24,9,,1.48,22.26,2.7,10
2019-03-30,Reds,Rebels,13,32,,2.18,21.71,1.7,10
2019-03-30,Sharks,Bulls,16,19,,1.6,20.94,2.38,10
2019-03-30,Jaguares,Chiefs,27,30,,2.19,21.5,1.7,10
2019-03-22,Blues,Highlanders,33,26,,2.35,22.03,1.61,10
2019-03-23,Hurricanes,Stormers,34,28,,1.13,33.52,5.96,10
2019-03-23,Waratahs,Crusaders,20,12,,4.71,28.69,1.19,10
2019-03-23,Sunwolves,Lions,24,37,,3.38,25.3,1.33,10
2019-03-23,Bulls,Chiefs,20,56,,1.4,23.32,3.03,10
2019-03-23,Sharks,Rebels,28,14,,1.41,23.32,2.92,10
2019-03-24,Reds,Brumbies,36,14,,2.33,21.57,1.63,10
2019-03-29,Hurricanes,Crusaders,8,32,,2.24,20.96,1.67,10
2019-03-29,Waratahs,Sunwolves,29,31,,1.11,33.52,6.23,10
2019-03-30,Blues,Stormers,24,9,,1.48,22.26,2.7,10
2019-03-30,Reds,Rebels,13,32,,2.18,21.71,1.7,10
2019-03-30,Sharks,Bulls,16,19,,1.6,20.94,2.38,10
2019-03-30,Jaguares,Chiefs,27,30,,2.19,21.5,1.7,10
2019-03-22,Blues,Highlanders,33,26,,2.35,22.03,1.61,10
2019-03-23,Hurricanes,Stormers,34,28,,1.13,33.52,5.96,10
2019-03-23,Waratahs,Crusaders,20,12,,4.71,28.69,1.19,10
2019-03-23,Sunwolves,Lions,24,37,,3.38,25.3,1.33,10
2019-03-23,Bulls,Chiefs,20,56,,1.4,23.32,3.03,10
2019-03-23,Sharks,Rebels,28,14,,1.41,23.32,2.92,10
2019-03-24,Reds,Brumbies,36,14,,2.33,21.57,1.63,10
2019-03-15,Chiefs,Hurricanes,23,23,,3.26,22.29,1.36,10
2019-03-15,Brumbies,Waratahs,19,13,,1.87,20.25,1.99,10
2019-03-15,Stormers,Jaguares,35,8,,1.4,22.13,3.05,10
2019-03-16,Sunwolves,Reds,31,34,,1.69,21.25,2.23,10
2019-03-16,Lions,Rebels,36,33,,1.36,22.83,3.19,10
2019-08-03,Hurricanes,Highlanders,25,22,,1.29,24.79,3.68,10
2019-08-03,Rebels,Brumbies,29,26,,1.57,21.82,2.46,10
2019-09-03,Crusaders,Chiefs,57,28,,1.15,30.29,5.49,10
2019-09-03,Blues,Sunwolves,28,20,,1.16,30.49,5.23,10
2019-09-03,Waratahs,Reds,28,17,,1.32,25.18,3.44,10
2019-09-03,Lions,Jaguares,47,39,,1.28,24.44,3.77,10
2019-09-03,Bulls,Sharks,37,14,,1.53,21.68,2.55,10
2019-02-03,Chiefs,Sunwolves,15,30,,1.03,47.53,12.11,10
2019-02-03,Reds,Crusaders,12,22,,5.27,31.67,1.15,10
2019-02-03,Lions,Bulls,12,30,,1.38,23.4,3.13,10
2019-02-03,Sharks,Stormers,11,16,,1.42,22.37,2.97,10
2019-02-03,Jaguares,Blues,23,19,,1.74,22.03,2.13,10
2019-01-03,Hurricanes,Brumbies,43,13,,1.2,28.34,4.6,10
2019-01-03,Rebels,Highlanders,24,19,,1.73,23.01,2.13,10
2019-02-24,Jaguares,Bulls,27,12,,1.96,21.21,1.86,10
2019-02-24,Stormers,Lions,19,17,,2.51,22.51,1.55,10
2019-02-24,Sharks,Blues,26,7,,1.84,21.62,1.99,10
2019-02-23,Brumbies,Chiefs,54,17,,3.28,23.69,1.35,10
2019-02-23,Crusaders,Hurricanes,38,22,,1.24,27.2,4.09,10
2019-02-23,Sunwolves,Waratahs,30,31,,8.04,45.63,1.07,10
2019-02-22,Highlanders,Reds,36,31,,1.06,41.96,8.02,10
2019-02-17,Jaguares,Lions,16,25,,2.08,20.39,1.78,10
2019-02-17,Bulls,Stormers,40,3,,1.6,20.91,2.37,10
2019-02-16,Sunwolves,Sharks,10,45,,3.95,25.88,1.25,10
2019-02-16,Waratahs,Hurricanes,19,20,,3.0,22.73,1.4,10
2019-02-16,Blues,Crusaders,22,24,,3.22,22.48,1.36,10
2019-02-15,Brumbies,Rebels,27,34,,1.5,22.34,2.65,10
2019-02-15,Chiefs,Highlanders,27,30,,1.99,21.19,1.87,10
2018-04-08,Crusaders,Lions,37,18,Y,1.1,35.98,7.2,10
2018-07-28,Lions,Waratahs,44,26,Y,1.23,28.87,4.22,10
2018-07-28,Crusaders,Hurricanes,30,12,Y,1.29,23.42,3.62,10
2018-07-21,Lions,Jaguares,40,23,Y,1.25,25.32,3.95,10
2018-07-21,Waratahs,Highlanders,30,23,Y,2.29,21.05,1.65,10
2018-07-21,Crusaders,Sharks,40,10,Y,1.04,47.5,9.83,10
2018-07-20,Hurricanes,Chiefs,32,31,Y,1.52,21.1,2.61,10
2018-07-14,Sharks,Jaguares,20,10,,1.31,21.96,3.55,10
2018-07-14,Lions,Bulls,38,12,,1.13,31.95,6.0,10
2018-07-14,Waratahs,Brumbies,31,40,,1.38,22.12,3.22,10
2018-07-14,Crusaders,Blues,54,17,,1.1,37.22,7.16,10
2018-07-14,Highlanders,Rebels,43,37,,1.2,30.7,4.56,10
2018-07-13,Reds,Sunwolves,48,27,,1.25,26.56,4.09,10
2018-07-13,Chiefs,Hurricanes,28,24,,2.75,20.31,1.48,10
2018-07-07,Stormers,Sharks,27,16,,1.82,20.22,2.01,10
2018-07-07,Bulls,Jaguares,43,34,,1.82,20.73,2.01,10
2018-07-07,Waratahs,Sunwolves,77,25,,1.1,34.47,6.59,10
2018-07-07,Hurricanes,Blues,42,24,,1.15,30.55,5.19,10
2018-07-07,Chiefs,Brumbies,24,19,,1.14,31.36,5.42,10
2018-06-07,Reds,Rebels,37,23,,2.47,20.49,1.56,10
2018-06-07,Crusaders,Highlanders,45,22,,1.25,23.92,3.93,10
2018-06-30,Jaguares,Stormers,25,14,,1.36,23.5,3.26,10
2018-06-30,Sharks,Lions,31,24,,2.24,20.65,1.74,10
2018-06-30,Sunwolves,Bulls,42,37,,3.42,25.98,1.33,10
2018-06-30,Brumbies,Hurricanes,24,12,,3.97,28.19,1.26,10
2018-06-30,Highlanders,Chiefs,22,45,,1.57,22.7,2.48,10
2018-06-29,Rebels,Waratahs,26,31,,2.28,20.81,1.68,10
2018-06-29,Blues,Reds,39,16,,1.26,27.96,3.98,10
2018-03-06,Brumbies,Sunwolves,41,31,,1.01,47.68,15.67,10
2018-02-06,Reds,Waratahs,41,52,,2.93,24.16,1.42,10
2018-02-06,Chiefs,Crusaders,20,34,,2.6,22.52,1.53,10
2018-02-06,Blues,Rebels,10,20,,1.36,24.1,3.27,10
2018-01-06,Highlanders,Hurricanes,30,14,,2.42,22.72,1.59,10
2018-05-26,Stormers,Lions,23,26,,2.4,21.69,1.61,10
2018-05-26,Bulls,Brumbies,28,38,,1.26,25.64,3.9,10
2018-05-26,Reds,Highlanders,15,18,,3.67,24.95,1.29,10
2018-05-26,Chiefs,Waratahs,39,27,,1.27,25.43,3.89,10
2018-05-25,Jaguares,Sharks,29,13,,1.48,24.13,2.75,10
2018-05-25,Rebels,Sunwolves,40,13,,1.09,38.57,7.82,10
2018-05-25,Crusaders,Hurricanes,24,13,,1.82,20.97,2.03,10
2018-05-19,Jaguares,Bulls,54,24,,1.42,22.55,2.97,10
2018-05-19,Lions,Brumbies,42,24,,1.15,32.84,5.57,10
2018-05-19,Sharks,Chiefs,28,24,,1.32,23.31,3.55,10
2018-05-19,Waratahs,Highlanders,41,12,,2.79,22.16,1.47,10
2018-05-19,Blues,Crusaders,24,32,,4.2,27.49,1.24,10
2018-05-19,Sunwolves,Stormers,26,23,,3.9,28.53,1.26,10
2018-05-18,Hurricanes,Reds,38,34,,1.02,49.57,15.91,10
2018-12-05,Bulls,Sharks,39,33,,1.61,21.29,2.42,10
2018-12-05,Stormers,Chiefs,9,15,,1.96,21.63,1.89,10
2018-12-05,Brumbies,Rebels,24,27,,1.45,21.94,2.86,10
2018-12-05,Highlanders,Lions,39,27,,1.34,24.06,3.4,10
2018-12-05,Crusaders,Waratahs,31,29,,1.06,44.07,8.88,10
2018-12-05,Sunwolves,Reds,63,28,,3.09,22.98,1.4,10
2018-11-05,Blues,Hurricanes,15,36,,3.72,23.99,1.29,10
2018-05-05,Sharks,Highlanders,38,12,,2.65,21.76,1.52,10
2018-05-05,Stormers,Bulls,29,17,,1.67,21.31,2.26,10
2018-05-05,Waratahs,Blues,21,24,,1.47,22.45,2.8,10
2018-05-05,Hurricanes,Lions,28,19,,1.16,31.01,5.47,10
2018-04-05,Rebels,Crusaders,10,55,,6.19,34.47,1.12,10
2018-04-05,Chiefs,Jaguares,19,23,,1.15,32.01,5.76,10
2018-04-28,Bulls,Highlanders,28,29,,2.47,21.54,1.58,10
2018-04-28,Brumbies,Crusaders,8,21,,6.55,39.98,1.11,10
2018-04-28,Blues,Jaguares,13,20,,1.37,23.17,3.23,10
2018-04-28,Reds,Lions,27,22,,5.06,32.55,1.17,10
2018-04-28,Stormers,Rebels,34,18,,1.19,32.13,4.69,10
2018-04-27,Hurricanes,Sunwolves,43,15,,1.0,56.67,31.58,10
2018-04-22,Brumbies,Jaguares,20,25,,1.41,22.9,2.97,10
2018-04-21,Sharks,Stormers,24,17,,1.65,21.67,2.3,10
2018-04-21,Bulls,Rebels,28,10,,1.18,32.03,4.84,10
2018-04-21,Reds,Chiefs,12,36,,5.17,30.77,1.17,10
2018-04-21,Crusaders,Sunwolves,33,11,,1.01,60.67,26.33,10
2018-04-20,Waratahs,Lions,0,29,,1.81,21.16,2.05,10
2018-04-20,Blues,Highlanders,16,34,,3.27,24.63,1.35,10
2018-04-14,Sharks,Bulls,10,40,,1.4,22.84,3.07,10
2018-04-14,Waratahs,Reds,37,16,,1.27,25.85,3.9,10
2018-04-14,Highlanders,Brumbies,43,17,,1.09,44.04,7.03,10
2018-04-14,Rebels,Jaguares,22,25,,1.22,30.89,4.4,10
2018-04-14,Sunwolves,Blues,10,24,,6.96,44.31,1.09,10
2018-04-13,Hurricanes,Chiefs,25,13,,1.28,26.72,3.7,10
2018-07-04,Jaguares,Crusaders,14,40,,5.13,32.59,1.17,10
2018-07-04,Lions,Stormers,52,31,,1.38,25.16,3.19,10
2018-07-04,Brumbies,Reds,45,21,,1.56,21.26,2.53,10
2018-07-04,Chiefs,Blues,21,19,,1.28,25.77,3.85,10
2018-07-04,Sunwolves,Waratahs,29,50,,6.53,35.38,1.12,10
2018-06-04,Hurricanes,Sharks,38,37,,1.05,48.26,9.77,10
2018-01-04,Lions,Crusaders,8,14,,3.0,24.67,1.41,10
2018-03-31,Bulls,Stormers,33,23,,2.11,22.24,1.78,10
2018-03-31,Brumbies,Waratahs,17,24,,2.04,20.23,1.84,10
2018-03-31,Blues,Sharks,40,63,,1.18,29.93,4.95,10
2018-03-30,Rebels,Hurricanes,19,50,,4.39,28.41,1.22,10
2018-03-30,Chiefs,Highlanders,27,22,,1.78,21.68,2.1,10
2018-03-24,Jaguares,Lions,49,35,,3.05,26.65,1.4,10
2018-03-24,Stormers,Reds,25,19,,1.2,31.31,4.72,10
2018-03-24,Hurricanes,Highlanders,29,12,,1.45,22.68,2.92,10
2018-03-24,Sunwolves,Chiefs,10,61,,8.9,57.29,1.06,10
2018-03-23,Rebels,Sharks,46,14,,1.48,23.39,2.76,10
2018-03-23,Crusaders,Bulls,33,14,,1.06,44.92,9.38,10
2018-03-18,Waratahs,Rebels,51,27,,1.72,21.57,2.2,10
2018-03-17,Jaguares,Reds,7,18,,1.28,24.35,3.8,10
2018-03-17,Lions,Sunwolves,40,38,,1.01,52.25,22.09,10
2018-03-17,Stormers,Blues,37,20,,2.41,21.04,1.62,10
2018-03-17,Brumbies,Sharks,24,17,,2.07,20.0,1.82,10
2018-03-17,Highlanders,Crusaders,25,17,,1.69,20.07,2.26,10
2018-03-16,Chiefs,Bulls,41,28,,1.1,35.84,7.29,10
2018-10-03,Jaguares,Waratahs,38,28,,2.22,21.8,1.71,10
2018-10-03,Lions,Blues,35,38,,1.24,27.47,4.3,10
2018-10-03,Sharks,Sunwolves,50,22,,1.02,53.92,13.14,10
2018-10-03,Reds,Bulls,20,14,,1.71,20.76,2.23,10
2018-10-03,Hurricanes,Crusaders,29,19,,1.7,20.76,2.25,10
2018-09-03,Rebels,Brumbies,33,10,,1.62,21.43,2.42,10
2018-09-03,Highlanders,Stormers,33,15,,1.11,38.22,6.78,10
2018-03-03,Jaguares,Hurricanes,9,34,,5.44,31.98,1.16,10
2018-03-03,Bulls,Lions,35,49,,3.28,24.98,1.36,10
2018-03-03,Sharks,Waratahs,24,24,,1.31,24.05,3.62,10
2018-03-03,Crusaders,Stormers,45,28,,1.08,40.74,7.76,10
2018-03-03,Sunwolves,Rebels,17,37,,3.09,24.9,1.4,10
2018-02-03,Reds,Brumbies,18,10,,2.92,23.06,1.44,10
2018-02-03,Blues,Chiefs,21,27,,1.6,21.82,2.44,10
2018-02-24,Bulls,Hurricanes,21,19,,5.85,31.18,1.14,10
2018-02-24,Lions,Jaguares,47,27,Y,1.11,34.29,6.72,10
2018-02-24,Waratahs,Stormers,34,27,Y,1.44,23.54,2.91,10
2018-02-24,Crusaders,Chiefs,45,23,Y,1.31,23.74,3.61,10
2018-02-24,Sunwolves,Brumbies,25,32,Y,6.87,33.68,1.11,10
2018-02-23,Rebels,Reds,45,19,Y,1.43,23.91,2.91,10
2018-02-23,Highlanders,Blues,41,34,Y,1.35,23.67,3.33,10
2018-02-17,Lions,Sharks,26,19,Y,1.31,25.09,3.63,10
2018-02-17,Stormers,Jaguares,28,20,,1.33,25.37,3.4,10
2017-05-08,Lions,Crusaders,17,25,,2.03,21.46,1.85,10
2017-07-29,Lions,Hurricanes,44,29,,2.43,23.98,1.58,10
2017-07-29,Crusaders,Chiefs,27,13,,1.26,25.1,3.9,10
2017-07-22,Stormers,Chiefs,11,17,,2.37,22.76,1.62,10
2017-07-22,Lions,Sharks,23,21,,1.11,34.38,6.71,10
2017-07-22,Crusaders,Highlanders,17,0,,1.39,21.56,3.1,10
2017-07-21,Brumbies,Hurricanes,16,35,,5.6,29.56,1.15,10
2017-07-15,Sharks,Lions,10,27,,4.23,27.21,1.23,10
2017-07-15,Bulls,Stormers,33,41,,2.49,23.41,1.56,10
2017-07-15,Force,Waratahs,40,11,,1.94,21.09,1.9,10
2017-07-15,Hurricanes,Crusaders,31,22,,1.66,21.71,2.28,10
2017-07-15,Chiefs,Brumbies,28,10,,1.06,41.11,8.34,10
2017-07-15,Sunwolves,Blues,48,21,,15.52,49.58,1.02,10
2017-07-15,Kings,Cheetahs,20,21,,1.54,23.39,2.52,10
2017-07-14,Rebels,Jaguares,29,32,,2.84,26.2,1.43,10
2017-07-14,Highlanders,Reds,40,17,,1.04,48.96,9.91,10
2017-08-07,Stormers,Sunwolves,52,15,,1.01,57.07,19.98,10
2017-08-07,Bulls,Kings,30,31,,1.26,27.66,3.94,10
2017-08-07,Waratahs,Jaguares,27,40,,1.19,27.84,4.8,10
2017-07-07,Force,Rebels,31,22,,1.31,25.74,3.48,10
2017-07-07,Reds,Brumbies,16,15,,3.21,24.15,1.36,10
2017-01-07,Lions,Sunwolves,94,7,,1.01,47.19,20.74,10
2017-01-07,Cheetahs,Stormers,34,40,,2.93,24.18,1.42,10
2017-06-30,Jaguares,Kings,30,31,,1.21,28.37,4.48,10
2017-06-30,Sharks,Bulls,17,30,,1.22,27.33,4.33,10
2017-09-06,Hurricanes,Chiefs,14,17,,1.33,24.44,3.45,10
2017-03-06,Force,Hurricanes,12,34,,8.82,41.53,1.06,10
2017-03-06,Brumbies,Rebels,32,3,,1.11,33.66,6.56,10
2017-03-06,Chiefs,Waratahs,46,31,,1.11,34.65,6.33,10
2017-03-06,Crusaders,Highlanders,25,22,,1.36,24.53,3.21,10
2017-02-06,Blues,Reds,34,29,,1.13,32.46,5.83,10
2017-05-28,Lions,Kings,54,10,,1.03,53.84,11.83,10
2017-05-27,Jaguares,Brumbies,15,39,,1.57,21.87,2.46,10
2017-05-27,Sharks,Stormers,22,10,,1.77,21.57,2.11,10
2017-05-27,Bulls,Hurricanes,20,34,,7.39,39.0,1.08,10
2017-05-27,Rebels,Crusaders,19,41,,11.25,49.57,1.03,10
2017-05-27,Highlanders,Waratahs,44,28,,1.09,37.1,7.01,10
2017-05-27,Sunwolves,Cheetahs,7,47,,2.12,22.4,1.75,10
2017-05-26,Reds,Force,26,40,,1.33,25.69,3.36,10
2017-05-26,Blues,Chiefs,16,16,,2.67,22.64,1.5,10
2017-05-21,Waratahs,Rebels,50,23,,1.15,31.27,5.44,10
2017-05-20,Kings,Brumbies,10,19,,2.66,23.0,1.49,10
2017-05-20,Lions,Bulls,51,14,,1.12,33.2,6.24,10
2017-05-20,Sunwolves,Sharks,17,38,,4.59,29.77,1.2,10
2017-05-20,Force,Highlanders,6,55,,4.78,27.69,1.19,10
2017-05-20,Hurricanes,Cheetahs,61,7,,1.02,55.33,13.7,10
2017-05-19,Stormers,Blues,30,22,,1.95,22.85,1.89,10
2017-05-19,Chiefs,Crusaders,24,31,,2.21,22.56,1.7,10
2017-05-13,Jaguares,Force,6,16,,1.13,32.84,5.88,10
2017-05-13,Kings,Sharks,35,32,,4.85,30.31,1.18,10
2017-05-13,Bulls,Highlanders,10,17,,4.92,27.91,1.18,10
2017-05-13,Rebels,Reds,24,29,,2.42,22.56,1.59,10
2017-05-13,Crusaders,Hurricanes,20,12,,1.85,22.07,2.0,10
2017-12-05,Brumbies,Lions,6,13,,2.41,22.09,1.6,10
2017-12-05,Blues,Cheetahs,50,32,,1.07,42.42,8.24,10
2017-06-05,Jaguares,Sunwolves,46,39,,1.04,47.25,9.82,10
2017-06-05,Bulls,Crusaders,24,62,,4.65,29.24,1.19,10
2017-06-05,Sharks,Force,37,12,,1.13,32.58,5.82,10
2017-06-05,Waratahs,Blues,33,40,,2.83,23.1,1.45,10
2017-06-05,Chiefs,Reds,46,17,,1.05,44.33,10.13,10
2017-06-05,Rebels,Lions,10,47,,5.64,30.82,1.14,10
2017-05-05,Cheetahs,Highlanders,41,45,,5.58,30.66,1.14,10
2017-05-05,Hurricanes,Stormers,41,22,,1.03,53.37,11.14,10
2017-04-30,Brumbies,Blues,12,18,,2.43,21.89,1.58,10
2017-04-29,Jaguares,Sharks,25,33,,1.32,23.64,3.45,10
2017-04-29,Kings,Rebels,44,3,,2.09,21.61,1.77,10
2017-04-29,Cheetahs,Crusaders,21,48,,5.87,34.48,1.12,10
2017-04-29,Force,Lions,15,24,,4.25,25.68,1.23,10
2017-04-29,Reds,Waratahs,26,29,,1.76,20.73,2.11,10
2017-04-29,Chiefs,Sunwolves,27,20,,1.01,59.0,21.71,10
2017-04-28,Highlanders,Stormers,57,14,,1.19,28.43,4.86,10
2017-04-22,Sharks,Rebels,9,9,,1.1,33.98,7.03,10
2017-04-22,Bulls,Cheetahs,20,14,,1.36,24.28,3.22,10
2017-04-22,Force,Chiefs,7,16,,5.91,34.12,1.13,10
2017-04-22,Crusaders,Stormers,57,24,,1.14,33.33,5.62,10
2017-04-22,Highlanders,Sunwolves,40,15,,1.0,72.0,42.75,10
2017-04-21,Lions,Jaguares,24,21,,1.1,34.05,6.66,10
2017-04-21,Waratahs,Kings,24,26,,1.04,48.35,10.25,10
2017-04-21,Hurricanes,Brumbies,56,21,,1.09,34.21,7.18,10
2017-04-15,Bulls,Jaguares,26,13,,1.71,21.64,2.18,10
2017-04-15,Stormers,Lions,16,29,,1.68,21.2,2.23,10
2017-04-15,Cheetahs,Chiefs,27,41,,5.94,33.21,1.13,10
2017-04-15,Rebels,Brumbies,19,17,,3.62,24.57,1.29,10
2017-04-15,Blues,Hurricanes,24,28,,2.93,24.52,1.42,10
2017-04-15,Reds,Kings,47,34,,1.13,33.94,5.94,10
2017-04-14,Crusaders,Sunwolves,50,3,,1.01,56.5,22.75,10
2017-09-04,Force,Kings,46,41,,1.11,34.01,6.75,10
2017-08-04,Stormers,Chiefs,34,26,,2.48,22.91,1.56,10
2017-08-04,Sharks,Jaguares,18,13,,1.37,22.94,3.22,10
2017-08-04,Brumbies,Reds,43,10,,1.31,23.3,3.62,10
2017-08-04,Highlanders,Blues,26,20,,1.44,22.34,2.92,10
2017-08-04,Sunwolves,Bulls,21,20,,5.13,27.82,1.17,10
2017-07-04,Hurricanes,Waratahs,38,28,,1.07,35.78,8.06,10
2017-02-04,Waratahs,Crusaders,22,41,,3.77,24.7,1.27,10
2017-01-04,Lions,Sharks,34,29,,1.23,24.9,4.22,10
2017-01-04,Stormers,Cheetahs,53,10,,1.2,25.94,4.57,10
2017-01-04,Reds,Hurricanes,15,34,,6.73,34.36,1.11,10
2017-01-04,Chiefs,Bulls,28,12,,1.06,39.65,9.39,10
2017-01-04,Blues,Force,24,15,,1.07,38.59,8.32,10
2017-03-31,Highlanders,Rebels,51,12,,1.04,42.39,10.36,10
2017-03-25,Jaguares,Reds,22,8,,1.12,31.6,6.44,10
2017-03-25,Cheetahs,Sharks,30,38,,2.08,21.04,1.8,10
2017-03-25,Kings,Lions,19,42,,12.41,47.91,1.02,10
2017-03-25,Sunwolves,Stormers,31,44,,7.49,38.1,1.08,10
2017-03-25,Brumbies,Highlanders,13,18,,2.19,21.74,1.71,10
2017-03-25,Blues,Bulls,38,14,,1.19,26.71,4.92,10
2017-03-24,Rebels,Waratahs,25,32,,2.76,23.18,1.47,10
2017-03-24,Crusaders,Force,45,17,,1.06,38.09,8.8,10
2017-03-18,Jaguares,Cheetahs,41,14,,1.19,26.46,4.78,10
2017-03-18,Sharks,Kings,19,17,,1.02,44.4,15.97,10
2017-03-18,Lions,Reds,44,14,,1.16,28.92,5.32,10
2017-03-18,Waratahs,Brumbies,12,28,,1.56,20.68,2.5,10
2017-03-18,Hurricanes,Highlanders,41,15,,1.25,25.31,4.05,10
2017-03-18,Bulls,Sunwolves,34,21,,1.01,46.95,19.29,10
2017-03-17,Rebels,Chiefs,14,27,,8.33,36.09,1.07,10
2017-03-17,Crusaders,Blues,33,24,,1.53,22.42,2.57,10
2017-11-03,Jaguares,Lions,36,24,,1.53,21.93,2.58,10
2017-11-03,Sharks,Waratahs,37,14,,1.49,21.85,2.7,10
2017-11-03,Cheetahs,Sunwolves,38,31,,1.01,49.82,16.69,10
2017-11-03,Kings,Stormers,10,41,,9.0,44.47,1.06,10
2017-11-03,Reds,Crusaders,20,22,,3.45,23.05,1.33,10
2017-11-03,Blues,Highlanders,12,16,,1.66,21.45,2.29,10
2017-10-03,Brumbies,Force,25,17,,1.38,23.84,3.16,10
2017-10-03,Chiefs,Hurricanes,26,18,,1.97,19.71,1.88,10
2017-04-03,Cheetahs,Bulls,34,28,,2.15,22.61,1.73,10
2017-04-03,Stormers,Jaguares,32,25,,1.25,26.0,4.0,10
2017-04-03,Lions,Waratahs,55,36,,1.27,23.92,3.91,10
2017-04-03,Sunwolves,Kings,23,37,,2.1,22.5,1.77,10
2017-04-03,Brumbies,Sharks,22,27,,1.56,20.73,2.52,10
2017-04-03,Highlanders,Crusaders,27,30,,1.54,21.71,2.55,10
2017-04-03,Hurricanes,Rebels,71,6,,1.03,40.9,12.47,10
2017-03-03,Chiefs,Blues,41,26,,1.39,23.85,3.13,10
2017-02-03,Force,Reds,26,19,,2.54,21.87,1.54,10
2017-02-25,Stormers,Bulls,37,24,,1.5,21.58,2.67,10
2017-02-25,Kings,Jaguares,26,39,Y,4.95,28.27,1.18,10
2017-02-25,Cheetahs,Lions,25,28,Y,3.86,24.13,1.27,10
2017-02-25,Waratahs,Force,19,13,Y,1.19,29.16,4.79,10
2017-02-25,Crusaders,Brumbies,17,13,Y,1.11,32.63,6.54,10
2017-02-25,Sunwolves,Hurricanes,17,83,Y,14.32,45.4,1.02,10
2017-02-24,Reds,Sharks,28,26,Y,1.49,22.46,2.71,10
2017-02-24,Highlanders,Chiefs,15,24,Y,1.6,22.15,2.39,10
2017-02-23,Rebels,Blues,18,56,,2.69,22.97,1.5,10
2016-06-08,Hurricanes,Lions,20,3,,1.32,21.94,3.55,10
2016-07-30,Lions,Highlanders,42,30,,1.83,20.85,2.02,10
2016-07-30,Hurricanes,Chiefs,25,9,,1.57,21.57,2.47,10
2016-07-23,Stormers,Chiefs,21,60,,2.4,20.71,1.6,10
2016-07-23,Lions,Crusaders,42,25,,1.81,20.86,2.04,10
2016-07-23,Hurricanes,Sharks,41,0,,1.12,29.42,6.2,10
2016-07-22,Brumbies,Highlanders,9,15,,2.83,21.14,1.45,10
2016-07-16,Jaguares,Lions,34,22,,1.23,25.5,4.32,10
2016-07-16,Cheetahs,Bulls,17,43,,2.28,21.24,1.66,10
2016-07-16,Stormers,Kings,52,24,,1.01,38.75,16.0,10
2016-07-16,Brumbies,Force,24,10,,1.05,36.31,9.56,10
2016-07-16,Highlanders,Chiefs,25,15,,1.65,20.6,2.3,10
2016-07-16,Crusaders,Hurricanes,10,35,,1.44,21.89,2.88,10
2016-07-15,Sharks,Sunwolves,40,29,,1.01,38.7,20.45,10
2016-07-15,Reds,Rebels,28,31,,1.81,21.09,2.04,10
2016-07-15,Blues,Waratahs,34,28,,1.69,21.61,2.22,10
2016-09-07,Jaguares,Highlanders,8,34,,4.41,23.22,1.22,10
2016-09-07,Sharks,Cheetahs,26,10,,1.23,24.26,4.38,10
2016-09-07,Bulls,Sunwolves,50,3,,1.01,57.45,13.65,10
2016-09-07,Force,Stormers,3,22,,4.45,23.89,1.22,10
2016-09-07,Waratahs,Hurricanes,17,28,,1.73,20.35,2.16,10
2016-09-07,Crusaders,Rebels,85,26,,1.04,45.45,10.18,10
2016-08-07,Lions,Kings,57,21,,1.01,47.03,21.29,10
2016-08-07,Reds,Chiefs,5,50,,5.52,28.25,1.15,10
2016-08-07,Blues,Brumbies,40,15,,2.34,20.61,1.63,10
2016-02-07,Jaguares,Bulls,29,11,,1.59,20.59,2.42,10
2016-02-07,Lions,Sharks,37,10,,1.37,22.27,3.21,10
2016-02-07,Kings,Highlanders,18,48,,13.08,37.55,1.02,10
2016-02-07,Cheetahs,Force,30,29,,1.36,24.12,3.2,10
2016-02-07,Rebels,Stormers,31,57,,2.13,20.78,1.75,10
2016-02-07,Hurricanes,Blues,37,27,,1.17,26.62,5.14,10
2016-02-07,Sunwolves,Waratahs,12,57,,10.52,46.3,1.04,10
2016-01-07,Brumbies,Reds,43,24,,1.14,29.88,5.68,10
2016-01-07,Chiefs,Crusaders,23,13,,2.45,20.44,1.58,10
2016-05-29,Rebels,Force,27,22,,1.21,25.7,4.56,10
2016-05-28,Bulls,Lions,20,56,,1.76,20.72,2.11,10
2016-05-28,Stormers,Cheetahs,31,24,,1.17,27.45,5.24,10
2016-05-28,Brumbies,Sunwolves,66,5,,1.01,54.97,14.15,10
2016-05-28,Blues,Crusaders,21,26,,4.35,24.13,1.23,10
2016-05-27,Kings,Jaguares,29,22,,8.17,37.89,1.07,10
2016-05-27,Waratahs,Chiefs,45,25,,2.39,20.87,1.61,10
2016-05-27,Hurricanes,Highlanders,27,20,,2.0,20.38,1.87,10
2016-05-21,Bulls,Stormers,17,13,,2.34,20.45,1.63,10
2016-05-21,Sharks,Kings,53,0,,1.01,46.11,14.92,10
2016-05-21,Lions,Jaguares,52,24,,1.18,28.63,4.9,10
2016-05-21,Force,Blues,13,17,,2.42,21.74,1.59,10
2016-05-21,Chiefs,Rebels,36,15,,1.12,31.46,6.2,10
2016-05-21,Reds,Sunwolves,35,25,,1.12,33.58,6.24,10
2016-05-20,Crusaders,Waratahs,29,10,,1.18,26.81,5.07,10
2016-05-14,Jaguares,Sharks,22,25,,1.96,20.69,1.89,10
2016-05-14,Lions,Blues,43,5,,1.42,21.66,2.97,10
2016-05-14,Cheetahs,Kings,34,20,,1.04,50.65,10.69,10
2016-05-14,Sunwolves,Stormers,17,17,,10.45,46.57,1.04,10
2016-05-14,Waratahs,Bulls,31,8,,1.34,21.78,3.39,10
2016-05-14,Hurricanes,Reds,29,14,,1.14,29.4,5.99,10
2016-05-13,Rebels,Brumbies,22,30,,2.62,21.41,1.52,10
2016-05-13,Highlanders,Crusaders,34,26,,1.91,20.33,1.94,10
2016-07-05,Kings,Blues,18,34,,9.8,47.56,1.05,10
2016-07-05,Sharks,Hurricanes,32,15,,2.54,21.27,1.55,10
2016-07-05,Waratahs,Cheetahs,21,6,,1.14,30.32,5.64,10
2016-07-05,Chiefs,Highlanders,13,26,,1.47,22.38,2.75,10
2016-07-05,Sunwolves,Force,22,40,,2.59,22.15,1.52,10
2016-06-05,Brumbies,Bulls,23,6,,1.38,24.65,3.11,10
2016-06-05,Crusaders,Reds,38,5,,1.07,41.25,7.91,10
2016-04-30,Jaguares,Kings,73,27,,1.04,48.97,9.99,10
2016-04-30,Stormers,Waratahs,30,32,,1.43,22.56,2.91,10
2016-04-30,Lions,Hurricanes,17,50,,1.97,21.94,1.88,10
2016-04-30,Reds,Cheetahs,30,17,,1.44,23.4,2.84,10
2016-04-30,Highlanders,Brumbies,23,10,,1.34,23.34,3.38,10
2016-04-30,Blues,Rebels,36,30,,1.34,24.31,3.3,10
2016-04-29,Force,Bulls,20,42,,2.97,23.53,1.41,10
2016-04-29,Chiefs,Sharks,24,22,,1.15,31.01,5.47,10
2016-04-24,Brumbies,Crusaders,14,40,,1.72,20.68,2.18,10
2016-04-23,Kings,Lions,10,45,,11.24,48.46,1.03,10
2016-04-23,Stormers,Reds,40,22,,1.16,30.38,5.22,10
2016-04-23,Force,Waratahs,13,49,,2.61,21.55,1.52,10
2016-04-23,Hurricanes,Chiefs,27,28,,1.65,20.68,2.3,10
2016-04-23,Sunwolves,Jaguares,36,28,,6.37,35.46,1.11,10
2016-04-22,Rebels,Cheetahs,36,14,,1.5,22.9,2.67,10
2016-04-22,Highlanders,Sharks,14,15,,1.19,27.65,4.67,10
2016-04-16,Lions,Stormers,29,22,,1.57,20.58,2.5,10
2016-04-16,Bulls,Reds,41,22,,1.28,25.01,3.75,10
2016-04-16,Waratahs,Brumbies,20,26,,2.07,20.87,1.8,10
2016-04-16,Blues,Sharks,23,18,,1.42,22.41,2.97,10
2016-04-15,Cheetahs,Sunwolves,92,17,,1.14,33.95,5.71,10
2016-04-15,Rebels,Hurricanes,13,38,,2.45,21.64,1.58,10
2016-04-15,Crusaders,Jaguares,32,15,,1.16,30.39,5.28,10
2016-09-04,Kings,Bulls,6,38,,5.41,31.46,1.15,10
2016-09-04,Sharks,Lions,9,24,,1.62,21.25,2.36,10
2016-09-04,Reds,Highlanders,28,27,,3.3,25.02,1.34,10
2016-09-04,Hurricanes,Jaguares,40,22,,1.18,28.77,4.89,10
2016-08-04,Stormers,Sunwolves,46,19,,1.02,48.63,14.69,10
2016-08-04,Force,Crusaders,19,20,,3.99,26.34,1.25,10
2016-08-04,Chiefs,Blues,29,23,,1.17,28.69,5.07,10
2016-03-04,Waratahs,Rebels,17,21,,1.33,24.65,3.35,10
2016-02-04,Bulls,Cheetahs,23,18,,1.3,25.86,3.58,10
2016-02-04,Kings,Sunwolves,33,28,,1.64,21.94,2.32,10
2016-02-04,Brumbies,Chiefs,23,48,,1.48,22.03,2.71,10
2016-02-04,Blues,Jaguares,24,16,,1.3,25.56,3.57,10
2016-01-04,Lions,Crusaders,37,43,,2.06,21.59,1.79,10
2016-01-04,Highlanders,Force,32,20,,1.07,38.64,8.26,10
2016-03-27,Reds,Waratahs,13,15,,3.31,24.24,1.34,10
2016-03-26,Jaguares,Stormers,8,13,,1.64,20.77,2.32,10
2016-03-26,Sharks,Crusaders,14,19,,1.69,20.71,2.25,10
2016-03-26,Cheetahs,Brumbies,18,25,,4.46,27.49,1.21,10
2016-03-26,Sunwolves,Bulls,27,30,,5.75,32.71,1.13,10
2016-03-26,Rebels,Highlanders,3,27,,3.01,23.85,1.41,10
2016-03-26,Chiefs,Force,53,10,,1.11,32.86,6.49,10
2016-03-25,Hurricanes,Kings,42,20,,1.01,39.34,18.22,10
2016-03-20,Jaguares,Chiefs,26,30,,1.57,21.46,2.5,10
2016-03-20,Stormers,Brumbies,31,11,,2.14,18.91,1.76,10
2016-03-20,Lions,Cheetahs,39,22,,1.22,27.97,4.32,10
2016-03-19,Reds,Blues,25,25,,3.07,22.04,1.4,10
2016-03-19,Crusaders,Kings,57,24,,1.01,42.14,18.09,10
2016-03-19,Sunwolves,Rebels,9,35,,2.81,23.68,1.47,10
2016-03-19,Bulls,Sharks,16,16,,2.06,20.43,1.81,10
2016-03-18,Waratahs,Highlanders,26,30,,1.62,20.87,2.37,10
2016-03-18,Hurricanes,Force,41,6,,1.14,30.65,5.55,10
2016-03-13,Stormers,Sharks,13,18,,1.48,21.72,2.74,10
2016-03-13,Kings,Chiefs,24,58,,8.32,40.43,1.07,10
2016-12-03,Rebels,Reds,25,23,,2.68,23.02,1.5,10
2016-12-03,Sunwolves,Cheetahs,31,32,,1.33,25.28,3.39,10
2016-12-03,Highlanders,Lions,34,15,,1.28,26.9,3.78,10
2016-11-03,Force,Brumbies,14,31,,4.84,28.99,1.19,10
2016-11-03,Blues,Hurricanes,19,23,,1.77,21.16,2.1,10
2016-05-03,Sharks,Jaguares,19,15,,1.58,22.51,2.43,10
2016-05-03,Cheetahs,Stormers,10,20,,3.12,23.77,1.38,10
2016-05-03,Bulls,Rebels,45,25,,1.49,23.78,2.69,10
2016-05-03,Reds,Force,6,22,,1.63,21.52,2.35,10
2016-05-03,Highlanders,Hurricanes,17,16,,1.47,22.36,2.78,10
2016-05-03,Chiefs,Lions,32,36,,1.17,31.91,4.96,10
2016-04-03,Brumbies,Waratahs,32,15,,1.36,24.55,3.26,10
2016-04-03,Crusaders,Blues,28,13,,1.53,23.05,2.56,10
2016-02-27,Stormers,Bulls,33,9,,1.37,22.81,3.18,10
2016-02-27,Kings,Sharks,8,43,Y,5.08,29.86,1.17,10
2016-02-27,Force,Rebels,19,25,Y,1.82,19.79,2.05,10
2016-02-27,Waratahs,Reds,30,10,Y,1.13,30.51,5.84,10
2016-02-27,Crusaders,Chiefs,21,27,Y,1.75,20.23,2.13,10
2016-02-27,Sunwolves,Lions,13,26,Y,5.14,31.62,1.16,10
2016-02-26,Cheetahs,Jaguares,33,34,,3.35,24.35,1.33,10
2016-02-26,Brumbies,Hurricanes,52,10,,1.51,21.55,2.6,10
2016-02-26,Blues,Highlanders,33,31,,2.25,21.09,1.68,10
2015-04-07,Hurricanes,Highlanders,14,21,,1.38,21.7,3.14,10
2015-06-27,Waratahs,Highlanders,17,35,,1.55,20.35,2.54,10
2015-06-27,Hurricanes,Brumbies,29,9,,1.27,23.31,3.92,10
2015-06-20,Stormers,Brumbies,19,39,,1.66,19.99,2.28,10
2015-06-20,Highlanders,Chiefs,24,14,,1.55,20.26,2.53,10
2015-06-14,Sharks,Stormers,34,12,,1.27,22.45,3.8,10
2015-06-14,Bulls,Cheetahs,29,42,,1.1,31.15,6.4,10
2015-06-13,Waratahs,Reds,31,5,,1.14,26.89,5.61,10
2015-06-13,Chiefs,Hurricanes,13,21,,1.46,21.39,2.77,10
2015-06-13,Brumbies,Crusaders,24,37,,1.54,20.79,2.49,10
2015-12-06,Rebels,Force,11,13,,1.24,25.24,4.03,10
2015-12-06,Blues,Highlanders,7,44,,4.36,25.8,1.21,10
2015-06-06,Stormers,Lions,19,19,,1.34,22.82,3.27,10
2015-06-06,Cheetahs,Waratahs,33,58,,4.45,24.39,1.21,10
2015-06-06,Reds,Chiefs,3,24,,2.46,21.18,1.56,10
2015-06-06,Blues,Crusaders,11,34,,4.46,24.75,1.2,10
2015-06-06,Rebels,Bulls,21,20,,1.77,20.39,2.08,10
2015-05-06,Force,Brumbies,20,33,,3.69,23.08,1.29,10
2015-05-06,Hurricanes,Highlanders,56,20,,1.26,24.36,3.9,10
2015-05-30,Lions,Waratahs,27,22,,2.13,20.52,1.74,10
2015-05-30,Stormers,Cheetahs,42,12,,1.13,31.06,5.91,10
2015-05-30,Force,Reds,10,32,,1.65,20.43,2.3,10
2015-05-30,Highlanders,Chiefs,36,9,,1.61,20.5,2.4,10
2015-05-29,Sharks,Rebels,25,21,,1.35,24.2,3.27,10
2015-05-29,Brumbies,Bulls,22,16,,1.32,23.51,3.46,10
2015-05-29,Crusaders,Hurricanes,35,18,,2.4,20.09,1.6,10
2015-05-23,Stormers,Rebels,31,15,,1.2,26.99,4.64,10
2015-05-23,Cheetahs,Lions,17,40,,2.25,20.63,1.68,10
2015-05-23,Force,Highlanders,3,23,,2.72,21.82,1.49,10
2015-05-23,Waratahs,Crusaders,32,22,,1.67,20.36,2.27,10
2015-05-23,Blues,Hurricanes,5,29,,2.89,21.95,1.43,10
2015-05-22,Reds,Sharks,14,21,,1.79,20.32,2.06,10
2015-05-22,Chiefs,Bulls,34,20,,1.39,22.48,3.1,10
2015-05-16,Cheetahs,Highlanders,24,45,,2.65,21.89,1.5,10
2015-05-16,Lions,Brumbies,20,30,,2.08,20.57,1.77,10
2015-05-16,Waratahs,Sharks,33,18,,1.24,24.03,4.09,10
2015-05-16,Hurricanes,Chiefs,22,18,,1.38,21.37,3.14,10
2015-05-15,Reds,Rebels,46,29,,2.33,20.21,1.63,10
2015-05-15,Blues,Bulls,23,18,,2.13,19.67,1.73,10
2015-09-05,Stormers,Brumbies,25,24,,1.59,20.63,2.43,10
2015-09-05,Lions,Highlanders,28,23,,2.01,20.0,1.83,10
2015-09-05,Force,Waratahs,18,11,,3.59,22.93,1.3,10
2015-09-05,Hurricanes,Sharks,32,24,,1.2,25.93,4.59,10
2015-08-05,Rebels,Blues,42,22,,1.58,21.49,2.45,10
2015-08-05,Crusaders,Reds,58,17,,1.09,34.57,7.52,10
2015-02-05,Bulls,Lions,35,33,,1.31,21.95,3.6,10
2015-02-05,Cheetahs,Stormers,25,17,,3.07,21.47,1.39,10
2015-02-05,Rebels,Chiefs,16,15,,2.84,21.6,1.44,10
2015-02-05,Hurricanes,Crusaders,29,23,,1.52,20.62,2.6,10
2015-02-05,Blues,Force,41,24,,1.29,22.46,3.73,10
2015-01-05,Brumbies,Waratahs,10,13,,1.79,19.75,2.08,10
2015-01-05,Highlanders,Sharks,48,15,,1.32,22.26,3.5,10
2015-04-26,Reds,Hurricanes,19,35,,3.35,22.28,1.33,10
2015-04-26,Stormers,Bulls,15,13,,1.64,20.17,2.31,10
2015-04-26,Lions,Cheetahs,34,29,,1.27,23.87,3.84,10
2015-04-25,Waratahs,Rebels,18,16,,1.21,26.94,4.39,10
2015-04-25,Crusaders,Blues,29,15,,1.26,24.33,3.88,10
2015-04-24,Brumbies,Highlanders,31,18,,1.35,22.51,3.3,10
2015-04-24,Chiefs,Force,35,27,,1.11,30.55,6.61,10
2015-04-19,Cheetahs,Reds,17,18,,1.39,22.04,3.08,10
2015-04-19,Sharks,Bulls,10,17,,1.91,19.97,1.92,10
2015-04-18,Force,Stormers,6,13,,2.83,20.97,1.44,10
2015-04-18,Brumbies,Rebels,8,13,,1.25,24.76,4.01,10
2015-04-18,Highlanders,Blues,30,24,,1.38,22.81,3.11,10
2015-04-18,Hurricanes,Waratahs,24,29,,1.43,22.2,2.88,10
2015-04-17,Crusaders,Chiefs,9,26,,1.66,20.81,2.28,10
2015-11-04,Bulls,Reds,43,22,,1.1,30.09,6.46,10
2015-11-04,Lions,Sharks,23,21,,1.68,20.76,2.22,10
2015-11-04,Force,Cheetahs,15,24,,1.5,21.47,2.61,10
2015-11-04,Waratahs,Stormers,18,32,,1.25,23.87,3.95,10
2015-11-04,Crusaders,Highlanders,20,25,,1.28,24.02,3.71,10
2015-10-04,Blues,Brumbies,16,14,,2.17,20.89,1.71,10
2015-04-04,Lions,Bulls,22,18,,2.2,20.26,1.69,10
2015-04-04,Sharks,Crusaders,10,52,,1.79,20.18,2.06,10
2015-04-04,Brumbies,Cheetahs,20,3,,1.12,30.18,6.13,10
2015-04-04,Chiefs,Blues,23,16,,1.21,26.96,4.36,10
2015-03-04,Rebels,Reds,23,15,,1.66,20.59,2.26,10
2015-03-04,Hurricanes,Stormers,25,20,,1.28,24.51,3.73,10
2015-03-28,Bulls,Crusaders,31,19,,2.09,20.08,1.78,10
2015-03-28,Sharks,Force,15,9,,1.17,26.6,4.94,10
2015-03-28,Waratahs,Blues,23,11,,1.18,26.35,4.8,10
2015-03-28,Highlanders,Stormers,39,21,,1.59,20.29,2.4,10
2015-03-28,Chiefs,Cheetahs,37,27,,1.06,32.74,8.59,10
2015-03-27,Reds,Lions,17,18,,1.35,22.53,3.26,10
2015-03-27,Hurricanes,Rebels,36,12,,1.15,28.42,5.5,10
2015-03-22,Waratahs,Brumbies,28,13,,1.8,20.52,2.06,10
2015-03-21,Sharks,Chiefs,12,11,,1.67,20.74,2.26,10
2015-03-21,Bulls,Force,25,24,,1.12,29.27,6.33,10
2015-03-21,Crusaders,Cheetahs,57,14,,1.07,34.08,8.57,10
2015-03-20,Rebels,Lions,16,20,,1.33,22.54,3.46,10
2015-03-20,Highlanders,Hurricanes,13,20,,2.12,20.39,1.76,10
2015-03-14,Cheetahs,Sharks,10,27,,2.18,20.28,1.71,10
2015-03-14,Stormers,Chiefs,19,28,,1.76,20.5,2.1,10
2015-03-14,Reds,Brumbies,0,29,,3.73,23.52,1.28,10
2015-03-14,Highlanders,Waratahs,26,19,,2.35,21.32,1.61,10
2015-03-14,Crusaders,Lions,34,6,,1.08,31.09,7.58,10
2015-03-13,Force,Rebels,17,21,,1.7,20.67,2.19,10
2015-03-13,Hurricanes,Blues,30,23,,1.19,25.61,4.88,10
2015-07-03,Stormers,Sharks,29,13,,1.64,19.87,2.3,10
2015-07-03,Cheetahs,Bulls,20,39,,2.06,20.15,1.79,10
2015-07-03,Reds,Waratahs,5,23,,3.12,22.47,1.38,10
2015-07-03,Blues,Lions,10,13,,1.17,26.45,5.0,10
2015-06-03,Brumbies,Force,27,15,,1.13,28.08,6.02,10
2015-06-03,Chiefs,Highlanders,17,20,,1.19,24.98,4.74,10
2015-02-28,Lions,Stormers,19,22,,2.63,21.2,1.51,10
2015-02-28,Bulls,Sharks,43,35,,1.85,20.08,2.0,10
2015-02-28,Rebels,Brumbies,15,20,,3.25,22.42,1.36,10
2015-02-28,Chiefs,Crusaders,40,16,,1.47,21.18,2.72,10
2015-02-27,Cheetahs,Blues,25,24,,1.61,20.69,2.36,10
2015-02-27,Force,Hurricanes,13,42,,2.35,20.33,1.63,10
2015-02-27,Highlanders,Reds,20,13,,1.33,22.47,3.36,10
2015-02-21,Sharks,Lions,29,12,,1.22,24.44,4.26,10
2015-02-21,Stormers,Blues,27,16,,1.37,23.08,3.09,10
2015-02-21,Reds,Force,18,6,,2.02,18.73,1.84,10
2015-02-21,Highlanders,Crusaders,20,26,,2.28,20.14,1.65,10
2015-02-20,Bulls,Hurricanes,13,17,,1.51,21.41,2.6,10
2015-02-20,Rebels,Waratahs,28,38,,3.15,21.31,1.37,10
2015-02-20,Chiefs,Brumbies,19,17,Y,1.48,21.72,2.69,10
2015-02-15,Waratahs,Force,13,25,Y,1.13,27.61,5.98,10
2015-02-14,Bulls,Stormers,17,29,Y,1.3,22.12,3.57,10
2015-02-14,Sharks,Cheetahs,29,35,Y,1.17,24.87,5.04,10
2015-02-14,Blues,Chiefs,18,23,Y,1.96,20.01,1.88,10
2015-02-13,Lions,Hurricanes,8,22,,2.07,19.71,1.78,10
2015-02-13,Brumbies,Reds,47,3,,1.29,23.09,3.71,10
2015-02-13,Crusaders,Rebels,10,20,,1.14,27.08,5.52,10
2014-02-08,Waratahs,Crusaders,33,32,,1.76,20.21,2.09,10
2014-07-26,Waratahs,Brumbies,26,8,,1.33,22.0,3.34,10
2014-07-26,Crusaders,Sharks,38,6,,1.29,23.48,3.53,10
2014-07-19,Sharks,Highlanders,31,27,,1.13,30.27,5.73,10
2014-07-19,Brumbies,Chiefs,32,30,,1.51,20.31,2.55,10
2014-12-07,Stormers,Sharks,10,34,,1.77,19.31,2.06,10
2014-12-07,Lions,Cheetahs,60,25,,1.72,19.5,2.12,10
2014-12-07,Reds,Waratahs,3,34,,3.14,21.85,1.35,10
2014-12-07,Crusaders,Highlanders,34,8,,1.18,24.5,4.69,10
2014-12-07,Bulls,Rebels,40,7,,1.06,33.19,8.42,10
2014-11-07,Brumbies,Force,47,25,,1.26,22.85,3.79,10
2014-11-07,Blues,Chiefs,8,11,,1.88,19.33,1.93,10
2014-06-07,Waratahs,Highlanders,44,16,,1.24,23.25,3.99,10
2014-05-07,Cheetahs,Sharks,27,20,,3.19,22.71,1.34,10
2014-05-07,Stormers,Bulls,16,0,,1.62,20.46,2.3,10
2014-05-07,Force,Reds,30,20,,1.64,20.21,2.26,10
2014-05-07,Crusaders,Blues,21,13,,1.34,21.63,3.27,10
2014-04-07,Lions,Rebels,34,17,,1.38,21.62,3.01,10
2014-04-07,Chiefs,Hurricanes,24,16,,1.62,19.87,2.28,10
2014-06-28,Force,Blues,14,40,,1.69,20.06,2.16,10
2014-06-28,Waratahs,Brumbies,39,8,,1.22,23.77,4.23,10
2014-06-28,Hurricanes,Crusaders,16,9,,2.05,19.79,1.77,10
2014-06-27,Rebels,Reds,20,36,,1.61,20.15,2.33,10
2014-06-27,Highlanders,Chiefs,29,25,,2.02,19.52,1.8,10
2014-05-31,Sharks,Stormers,19,21,,1.28,22.5,3.63,10
2014-05-31,Lions,Bulls,32,21,,3.3,22.15,1.33,10
2014-05-31,Brumbies,Rebels,37,10,,1.19,23.88,4.53,10
2014-05-31,Blues,Hurricanes,37,24,,2.03,19.37,1.79,10
2014-05-31,Chiefs,Waratahs,17,33,,1.64,19.88,2.26,10
2014-05-30,Reds,Highlanders,38,31,,2.22,20.13,1.65,10
2014-05-30,Crusaders,Force,30,7,,1.13,27.5,5.7,10
2014-05-24,Stormers,Cheetahs,33,0,,1.43,21.92,2.81,10
2014-05-24,Force,Lions,29,19,,1.2,24.98,4.35,10
2014-05-24,Hurricanes,Chiefs,45,8,,1.99,19.29,1.82,10
2014-05-24,Highlanders,Crusaders,30,32,,2.5,21.19,1.52,10
2014-05-23,Bulls,Brumbies,44,23,,1.59,20.98,2.36,10
2014-05-23,Rebels,Waratahs,19,41,,3.02,21.81,1.37,10
2014-05-23,Blues,Sharks,23,29,,1.81,19.37,1.99,10
2014-05-18,Waratahs,Lions,41,17,,1.07,31.83,7.22,10
2014-05-18,Cheetahs,Brumbies,27,21,,2.52,21.56,1.52,10
2014-05-18,Stormers,Force,24,8,,1.67,19.6,2.2,10
2014-05-17,Reds,Rebels,27,30,,1.59,19.94,2.36,10
2014-05-17,Crusaders,Sharks,25,30,,1.25,23.6,3.87,10
2014-05-16,Hurricanes,Highlanders,16,18,,1.3,22.63,3.53,10
2014-11-05,Reds,Crusaders,29,57,,3.23,22.77,1.34,10
2014-11-05,Bulls,Stormers,28,12,,1.33,22.62,3.28,10
2014-11-05,Cheetahs,Force,16,23,,1.55,21.21,2.42,10
2014-10-05,Brumbies,Sharks,16,9,,1.47,20.71,2.64,10
2014-10-05,Highlanders,Lions,23,22,,1.16,25.79,4.85,10
2014-09-05,Rebels,Hurricanes,15,25,,2.32,19.83,1.6,10
2014-09-05,Chiefs,Blues,32,20,,1.36,22.29,3.05,10
2014-04-05,Bulls,Cheetahs,26,21,,1.45,21.27,2.74,10
2014-03-05,Stormers,Highlanders,29,28,,1.6,19.77,2.34,10
2014-03-05,Waratahs,Hurricanes,39,30,,1.48,22.02,2.62,10
2014-03-05,Chiefs,Lions,38,8,,1.09,31.37,6.85,10
2014-03-05,Crusaders,Brumbies,40,20,,1.49,21.35,2.56,10
2014-02-05,Rebels,Sharks,16,22,,2.36,20.44,1.58,10
2014-02-05,Blues,Reds,44,14,,1.34,22.62,3.2,10
2014-04-26,Cheetahs,Stormers,35,22,,1.85,19.29,1.97,10
2014-04-26,Force,Bulls,15,9,,1.69,20.17,2.15,10
2014-04-26,Hurricanes,Reds,35,21,,1.35,22.08,3.17,10
2014-04-26,Sharks,Highlanders,18,34,,1.17,24.75,4.73,10
2014-04-25,Brumbies,Chiefs,41,23,,1.54,20.71,2.46,10
2014-04-25,Blues,Waratahs,21,13,,2.0,20.21,1.81,10
2014-04-19,Stormers,Lions,18,3,,1.34,22.02,3.23,10
2014-04-19,Sharks,Cheetahs,19,8,,1.13,26.63,5.73,10
2014-04-19,Waratahs,Bulls,19,12,,1.24,23.73,4.03,10
2014-04-19,Chiefs,Crusaders,17,18,,1.53,20.98,2.49,10
2014-04-18,Rebels,Force,22,16,,1.78,19.02,2.04,10
2014-04-18,Hurricanes,Blues,39,20,,1.54,21.48,2.44,10
2014-12-04,Lions,Sharks,12,25,,3.47,23.37,1.3,10
2014-12-04,Cheetahs,Crusaders,31,52,,2.4,20.65,1.56,10
2014-12-04,Force,Waratahs,28,16,,2.43,21.98,1.55,10
2014-12-04,Chiefs,Rebels,22,16,,1.15,26.4,5.12,10
2014-11-04,Reds,Brumbies,20,23,,2.02,20.08,1.8,10
2014-11-04,Highlanders,Bulls,27,20,,1.58,21.48,2.35,10
2014-05-04,Stormers,Waratahs,11,22,,1.65,19.29,2.25,10
2014-05-04,Lions,Crusaders,7,28,,2.33,21.12,1.59,10
2014-05-04,Cheetahs,Chiefs,43,43,,2.89,21.88,1.41,10
2014-05-04,Reds,Force,29,32,,1.34,22.42,3.22,10
2014-05-04,Hurricanes,Bulls,25,20,,1.5,21.35,2.57,10
2014-04-04,Brumbies,Blues,26,9,,1.45,21.12,2.74,10
2014-04-04,Highlanders,Rebels,33,30,,1.33,21.81,3.28,10
2014-03-29,Sharks,Waratahs,32,10,,1.43,21.81,2.8,10
2014-03-29,Bulls,Chiefs,34,34,,1.75,19.23,2.1,10
2014-03-29,Reds,Stormers,22,17,,1.59,19.71,2.36,10
2014-03-29,Blues,Highlanders,30,12,,1.47,21.79,2.67,10
2014-03-28,Rebels,Brumbies,32,24,,3.17,22.54,1.35,10
2014-03-28,Crusaders,Hurricanes,26,29,,1.26,24.73,3.75,10
2014-03-22,Bulls,Sharks,23,19,,2.25,19.94,1.64,10
2014-03-22,Lions,Reds,23,20,,2.26,19.31,1.64,10
2014-03-22,Force,Chiefs,18,15,,3.6,23.1,1.28,10
2014-03-22,Brumbies,Stormers,25,15,,1.34,22.1,3.24,10
2014-03-22,Blues,Cheetahs,40,30,,1.21,24.75,4.28,10
2014-03-21,Waratahs,Rebels,32,8,,1.12,26.58,6.09,10
2014-03-21,Highlanders,Hurricanes,35,31,,1.7,19.06,2.16,10
2014-03-15,Sharks,Reds,35,20,,1.25,23.54,3.86,10
2014-03-15,Lions,Blues,39,36,,2.28,19.75,1.63,10
2014-03-15,Brumbies,Waratahs,28,23,,1.93,18.71,1.89,10
2014-03-15,Highlanders,Force,29,31,,1.26,23.35,3.74,10
2014-03-15,Hurricanes,Cheetahs,60,27,,1.38,22.31,2.99,10
2014-03-14,Rebels,Crusaders,19,25,,2.93,22.27,1.4,10
2014-03-14,Chiefs,Stormers,36,20,,1.29,22.17,3.56,10
2014-08-03,Sharks,Lions,37,23,,1.11,28.52,6.0,10
2014-08-03,Bulls,Blues,38,22,,1.62,20.48,2.29,10
2014-08-03,Force,Rebels,32,7,,2.31,20.4,1.61,10
2014-08-03,Crusaders,Stormers,14,13,,1.2,25.21,4.34,10
2014-07-03,Reds,Cheetahs,43,33,,1.27,23.13,3.67,10
2014-07-03,Hurricanes,Brumbies,21,29,,1.67,20.17,2.18,10
2014-01-03,Bulls,Lions,25,17,,1.38,22.48,3.03,10
2014-01-03,Force,Brumbies,14,27,,3.03,21.93,1.38,10
2014-01-03,Waratahs,Reds,32,5,,1.48,21.32,2.65,10
2014-01-03,Chiefs,Highlanders,21,19,,1.22,23.64,4.25,10
2014-02-28,Stormers,Hurricanes,19,18,,1.37,21.93,3.12,10
2014-02-28,Rebels,Cheetahs,35,14,,2.17,20.03,1.7,10
2014-02-28,Blues,Crusaders,35,24,,2.78,21.98,1.43,10
2014-02-23,Waratahs,Force,43,21,,1.16,25.2,5.07,10
2014-02-22,Lions,Stormers,34,10,Y,3.7,22.61,1.27,10
2014-02-22,Sharks,Hurricanes,27,9,Y,1.16,25.11,4.99,10
2014-02-22,Brumbies,Reds,17,27,Y,1.49,20.34,2.64,10
2014-02-22,Highlanders,Blues,29,21,Y,2.13,19.14,1.73,10
2014-02-21,Cheetahs,Bulls,15,9,Y,1.73,18.66,2.1,10
2014-02-21,Crusaders,Chiefs,10,18,Y,1.54,20.36,2.48,10
2014-02-15,Sharks,Bulls,31,16,Y,1.35,21.16,3.15,10
2014-02-15,Cheetahs,Lions,20,21,,1.18,25.16,4.71,10
2013-03-08,Lions,Kings,18,23,,1.26,23.33,3.82,10
2013-03-08,Chiefs,Brumbies,27,22,,1.31,22.35,3.55,10
2013-07-27,Bulls,Brumbies,23,26,,1.29,22.56,3.68,10
2013-07-27,Chiefs,Crusaders,20,19,,2.46,20.9,1.57,10
2013-07-26,Kings,Lions,19,26,,1.82,19.0,2.0,10
2013-07-21,Brumbies,Cheetahs,15,13,,1.29,22.4,3.68,10
2013-07-20,Crusaders,Reds,38,9,,1.2,24.83,4.43,10
2013-07-13,Stormers,Bulls,30,13,,2.0,19.0,1.83,10
2013-07-13,Sharks,Kings,58,13,,1.02,39.94,12.88,10
2013-07-13,Force,Brumbies,21,15,,3.94,23.42,1.25,10
2013-07-13,Waratahs,Reds,12,14,,1.71,20.02,2.15,10
2013-07-13,Blues,Chiefs,16,26,,2.96,22.13,1.4,10
2013-12-07,Rebels,Highlanders,38,37,,1.9,19.63,1.92,10
2013-12-07,Crusaders,Hurricanes,25,17,,1.09,31.95,7.35,10
2013-06-07,Bulls,Sharks,20,19,,1.36,21.0,3.2,10
2013-06-07,Kings,Stormers,12,24,,8.45,31.77,1.06,10
2013-06-07,Cheetahs,Blues,34,13,,1.42,21.33,2.87,10
2013-06-07,Hurricanes,Highlanders,44,49,,1.27,23.06,3.73,10
2013-05-07,Crusaders,Chiefs,43,15,,1.43,21.38,2.84,10
2013-06-29,Stormers,Cheetahs,28,3,,1.49,20.5,2.64,10
2013-06-29,Bulls,Kings,48,18,,1.04,34.63,11.17,10
2013-06-29,Sharks,Blues,22,20,,1.43,20.83,2.87,10
2013-06-29,Highlanders,Crusaders,12,40,,3.21,21.75,1.36,10
2013-06-28,Chiefs,Hurricanes,34,22,,1.29,23.23,3.61,10
2013-09-06,Force,Waratahs,13,28,,1.6,19.79,2.38,10
2013-07-06,Brumbies,Rebels,39,17,,1.15,26.0,5.39,10
2013-01-06,Cheetahs,Bulls,25,30,,2.17,19.18,1.7,10
2013-01-06,Stormers,Kings,19,11,,1.07,32.98,7.65,10
2013-01-06,Reds,Rebels,33,20,,1.26,22.95,3.81,10
2013-01-06,Highlanders,Blues,38,28,,2.43,19.73,1.57,10
2013-05-31,Brumbies,Hurricanes,30,23,,1.31,22.07,3.43,10
2013-05-31,Crusaders,Waratahs,23,22,,1.17,25.25,4.84,10
2013-05-25,Sharks,Bulls,16,18,,1.88,19.18,1.94,10
2013-05-25,Stormers,Reds,20,15,,1.73,19.58,2.13,10
2013-05-25,Kings,Cheetahs,22,34,,3.64,22.68,1.29,10
2013-05-25,Force,Highlanders,19,18,,1.59,20.18,2.39,10
2013-05-25,Blues,Brumbies,13,20,,1.6,19.35,2.37,10
2013-05-24,Rebels,Waratahs,24,22,,2.98,21.48,1.4,10
2013-05-24,Chiefs,Crusaders,28,19,,2.27,19.3,1.65,10
2013-05-18,Cheetahs,Reds,27,13,,2.01,19.5,1.81,10
2013-05-18,Bulls,Highlanders,35,18,,1.09,30.3,6.78,10
2013-05-18,Waratahs,Brumbies,28,22,,1.88,19.35,1.93,10
2013-05-18,Crusaders,Blues,23,3,,1.27,22.83,3.73,10
2013-05-17,Force,Sharks,13,23,,2.17,19.73,1.7,10
2013-05-17,Rebels,Stormers,30,21,,3.14,21.63,1.36,10
2013-05-17,Hurricanes,Chiefs,12,17,,2.2,20.95,1.68,10
2013-11-05,Kings,Highlanders,34,27,,3.72,23.85,1.27,10
2013-11-05,Waratahs,Stormers,21,15,,1.81,19.55,2.0,10
2013-11-05,Blues,Rebels,36,32,,1.13,26.25,5.64,10
2013-10-05,Cheetahs,Hurricanes,34,39,,1.32,22.83,3.41,10
2013-10-05,Reds,Sharks,32,17,,1.36,21.23,3.17,10
2013-10-05,Chiefs,Force,22,21,,1.1,30.75,6.48,10
2013-05-05,Brumbies,Crusaders,23,30,,1.61,19.5,2.33,10
2013-04-05,Bulls,Hurricanes,48,14,,1.26,22.3,3.83,10
2013-04-05,Kings,Waratahs,10,72,,3.39,22.11,1.32,10
2013-04-05,Force,Reds,11,11,,3.5,21.35,1.3,10
2013-04-05,Highlanders,Sharks,25,22,,1.94,19.3,1.88,10
2013-03-05,Rebels,Chiefs,33,39,,3.7,22.43,1.28,10
2013-03-05,Blues,Stormers,18,17,,1.63,19.1,2.3,10
2013-04-28,Crusaders,Rebels,30,26,,1.04,39.67,13.0,10
2013-04-27,Cheetahs,Kings,26,12,,1.11,30.08,6.3,10
2013-04-27,Bulls,Waratahs,30,19,,1.26,23.83,3.74,10
2013-04-27,Brumbies,Force,41,7,,1.16,25.05,5.02,10
2013-04-27,Chiefs,Sharks,37,29,,1.18,25.25,4.82,10
2013-04-26,Reds,Blues,12,11,,1.41,21.35,2.93,10
2013-04-26,Hurricanes,Stormers,16,18,,1.73,19.48,2.11,10
2013-04-20,Kings,Bulls,0,34,,4.04,23.2,1.24,10
2013-04-20,Sharks,Cheetahs,6,12,,1.34,21.88,3.27,10
2013-04-20,Reds,Brumbies,19,19,,1.66,19.33,2.25,10
2013-04-19,Crusaders,Highlanders,24,8,,1.2,24.88,4.45,10
2013-04-19,Waratahs,Chiefs,25,20,,2.54,20.93,1.52,10
2013-04-19,Hurricanes,Force,22,16,,1.15,25.89,5.17,10
2013-04-13,Bulls,Cheetahs,26,20,,1.38,20.85,3.04,10
2013-04-13,Stormers,Sharks,22,15,,1.71,19.4,2.16,10
2013-04-13,Force,Crusaders,16,14,,4.14,23.0,1.23,10
2013-04-13,Rebels,Kings,27,30,,1.36,21.53,3.17,10
2013-04-13,Blues,Hurricanes,28,6,,1.65,19.85,2.25,10
2013-04-13,Chiefs,Reds,23,31,,1.29,21.5,3.66,10
2013-12-04,Highlanders,Brumbies,19,30,,2.14,19.8,1.73,10
2013-06-04,Cheetahs,Stormers,26,24,,2.7,20.88,1.47,10
2013-06-04,Force,Rebels,23,30,,1.42,20.64,2.9,10
2013-06-04,Hurricanes,Waratahs,41,29,,1.36,21.94,3.18,10
2013-05-04,Sharks,Crusaders,21,17,,1.61,19.31,2.34,10
2013-05-04,Brumbies,Kings,28,28,,1.01,39.75,15.75,10
2013-05-04,Blues,Highlanders,29,18,,1.38,21.0,3.07,10
2013-03-31,Waratahs,Force,23,19,,1.24,24.09,3.98,10
2013-03-30,Stormers,Crusaders,14,19,,1.45,21.05,2.76,10
2013-03-30,Cheetahs,Rebels,34,16,,1.11,29.28,6.27,10
2013-03-30,Brumbies,Bulls,23,20,,1.3,22.83,3.54,10
2013-03-30,Chiefs,Blues,23,16,,1.32,22.69,3.4,10
2013-03-30,Hurricanes,Kings,46,30,,1.01,43.86,18.29,10
2013-03-29,Highlanders,Reds,33,34,,1.62,19.81,2.33,10
2013-03-24,Waratahs,Blues,30,27,,2.25,19.25,1.66,10
2013-03-23,Stormers,Brumbies,35,22,,1.65,19.78,2.26,10
2013-03-23,Sharks,Rebels,64,7,,1.12,30.09,6.09,10
2013-03-23,Force,Cheetahs,10,19,,1.65,20.06,2.23,10
2013-03-23,Reds,Bulls,23,18,,1.44,21.25,2.8,10
2013-03-23,Crusaders,Kings,55,20,,1.01,47.75,18.38,10
2013-03-22,Chiefs,Highlanders,19,7,,1.23,22.89,4.11,10
2013-03-16,Sharks,Brumbies,10,29,,1.47,20.83,2.68,10
2013-03-16,Reds,Force,12,19,,1.12,28.11,6.19,10
2013-03-16,Crusaders,Bulls,41,19,,1.22,24.39,4.26,10
2013-03-15,Kings,Chiefs,24,35,,7.65,32.33,1.08,10
2013-03-15,Waratahs,Cheetahs,26,27,,1.31,23.48,3.44,10
2013-03-15,Highlanders,Hurricanes,19,23,,1.71,20.0,2.15,10
2013-10-03,Blues,Bulls,21,28,,1.29,24.22,3.53,10
2013-09-03,Kings,Sharks,12,21,,7.76,33.25,1.07,10
2013-09-03,Stormers,Chiefs,36,34,,1.8,19.03,2.04,10
2013-09-03,Brumbies,Waratahs,35,6,,1.36,22.11,3.1,10
2013-09-03,Highlanders,Cheetahs,19,36,,1.11,29.44,6.23,10
2013-08-03,Rebels,Reds,13,23,,3.16,22.22,1.36,10
2013-08-03,Hurricanes,Crusaders,29,28,,2.48,20.78,1.54,10
2013-02-03,Sharks,Stormers,12,6,,1.56,20.02,2.44,10
2013-02-03,Bulls,Force,36,26,,1.08,30.05,7.36,10
2013-02-03,Chiefs,Cheetahs,45,3,,1.07,31.16,8.03,10
2013-01-03,Reds,Hurricanes,18,12,,1.52,21.11,2.56,10
2013-01-03,Waratahs,Rebels,31,26,,1.19,25.33,4.64,10
2013-01-03,Blues,Crusaders,34,15,,2.53,21.2,1.52,10
2013-02-23,Kings,Force,22,10,,4.54,25.56,1.19,10
2013-02-23,Cheetahs,Sharks,22,29,Y,3.01,20.35,1.4,10
2013-02-23,Reds,Waratahs,25,17,Y,1.77,18.3,2.08,10
2013-02-23,Hurricanes,Blues,20,34,Y,1.39,21.45,3.04,10
2013-02-22,Bulls,Stormers,25,17,Y,1.98,18.52,1.85,10
2013-02-22,Rebels,Brumbies,13,30,Y,2.98,21.48,1.4,10
2013-02-22,Highlanders,Chiefs,27,41,,1.74,19.5,2.11,10
2013-02-16,Brumbies,Reds,24,6,,1.56,20.04,2.46,10
2013-02-15,Rebels,Force,30,23,,1.34,22.08,3.27,10
2012-04-08,Chiefs,Sharks,37,6,,1.39,20.29,3.06,10
2012-07-28,Stormers,Sharks,19,26,,1.54,20.19,2.46,10
2012-07-27,Chiefs,Crusaders,20,17,,2.41,19.53,1.58,10
2012-07-21,Reds,Sharks,17,30,,1.49,20.04,2.65,10
2012-07-21,Crusaders,Bulls,28,13,,1.18,24.5,4.79,10
2012-07-14,Bulls,Lions,37,20,,1.06,32.37,8.1,10
2012-07-14,Sharks,Cheetahs,34,15,,1.1,29.36,6.2,10
2012-07-14,Stormers,Rebels,26,21,,1.04,34.08,9.51,10
2012-07-14,Reds,Waratahs,32,16,,1.24,23.68,3.95,10
2012-07-14,Crusaders,Force,38,24,,1.01,38.91,13.83,10
2012-07-14,Brumbies,Blues,16,30,,1.34,22.29,3.25,10
2012-07-13,Hurricanes,Chiefs,28,25,,2.42,21.34,1.56,10
2012-07-07,Lions,Rebels,37,32,,1.27,23.82,3.67,10
2012-07-07,Cheetahs,Stormers,6,13,,3.36,23.25,1.31,10
2012-07-07,Waratahs,Brumbies,15,19,,1.89,19.44,1.91,10
2012-07-07,Blues,Force,32,9,,1.08,30.27,6.92,10
2012-06-07,Sharks,Bulls,32,10,,1.76,19.2,2.06,10
2012-06-07,Reds,Highlanders,19,13,,1.28,23.29,3.61,10
2012-06-07,Chiefs,Crusaders,21,28,,2.02,19.5,1.79,10
2012-06-30,Bulls,Cheetahs,40,24,,1.14,27.53,5.3,10
2012-06-30,Stormers,Lions,27,17,,1.08,30.52,7.21,10
2012-06-30,Force,Brumbies,17,28,,2.66,21.86,1.47,10
2012-06-30,Crusaders,Hurricanes,22,23,,1.16,26.57,4.96,10
2012-06-29,Rebels,Reds,17,32,,3.91,23.95,1.24,10
2012-06-29,Highlanders,Chiefs,21,27,,2.28,19.83,1.62,10
2012-02-06,Bulls,Stormers,14,19,,1.55,20.05,2.46,10
2012-02-06,Lions,Sharks,38,28,,5.08,26.9,1.15,10
2012-02-06,Waratahs,Hurricanes,12,33,,1.7,19.15,2.17,10
2012-02-06,Blues,Chiefs,34,41,,3.96,22.95,1.24,10
2012-01-06,Rebels,Brumbies,19,27,,3.98,23.16,1.23,10
2012-01-06,Crusaders,Highlanders,51,18,,1.2,24.39,4.35,10
2012-05-26,Sharks,Stormers,25,20,,1.73,19.27,2.11,10
2012-05-26,Cheetahs,Waratahs,35,34,,1.66,19.78,2.22,10
2012-05-26,Force,Lions,17,11,,1.36,22.59,3.12,10
2012-05-26,Brumbies,Reds,12,13,,1.9,18.97,1.93,10
2012-05-26,Blues,Highlanders,20,27,,2.5,20.2,1.53,10
2012-05-26,Hurricanes,Rebels,66,24,,1.22,25.12,4.08,10
2012-05-25,Chiefs,Bulls,28,22,,1.44,21.38,2.76,10
2012-05-20,Force,Rebels,31,32,,1.89,18.67,1.93,10
2012-05-19,Stormers,Waratahs,19,13,,1.27,23.03,3.7,10
2012-05-19,Cheetahs,Sharks,20,34,,2.32,19.64,1.61,10
2012-05-19,Reds,Lions,34,20,,1.05,32.72,8.28,10
2012-05-19,Crusaders,Blues,59,12,,1.17,25.19,4.83,10
2012-05-19,Highlanders,Bulls,16,11,,1.97,18.57,1.85,10
2012-05-18,Hurricanes,Brumbies,25,37,,1.44,21.32,2.79,10
2012-05-13,Reds,Chiefs,42,27,,1.95,18.61,1.86,10
2012-12-05,Stormers,Cheetahs,16,14,,1.19,25.66,4.56,10
2012-12-05,Sharks,Force,53,11,,1.15,27.41,5.08,10
2012-12-05,Rebels,Crusaders,28,19,,5.84,29.29,1.12,10
2012-12-05,Highlanders,Hurricanes,20,26,,1.61,20.18,2.3,10
2012-11-05,Waratahs,Bulls,24,27,,1.89,19.15,1.91,10
2012-11-05,Blues,Lions,25,3,,1.21,24.64,4.25,10
2012-06-05,Crusaders,Reds,15,11,,1.15,27.82,5.01,10
2012-05-05,Cheetahs,Force,17,13,,1.32,23.13,3.32,10
2012-05-05,Sharks,Highlanders,28,16,,1.45,21.33,2.74,10
2012-05-05,Brumbies,Waratahs,23,6,,1.83,18.91,1.98,10
2012-05-05,Chiefs,Lions,34,21,,1.04,38.58,9.18,10
2012-04-05,Rebels,Bulls,35,41,,5.08,28.79,1.15,10
2012-04-05,Hurricanes,Blues,35,19,,1.5,20.13,2.6,10
2012-04-29,Waratahs,Crusaders,33,37,,3.94,22.0,1.26,10
2012-04-28,Cheetahs,Highlanders,33,36,,1.8,19.28,2.01,10
2012-04-28,Force,Stormers,3,17,,2.95,21.88,1.39,10
2012-04-28,Chiefs,Hurricanes,33,14,,1.34,22.01,3.2,10
2012-04-27,Lions,Brumbies,20,34,,2.16,19.65,1.69,10
2012-04-27,Blues,Reds,11,23,,1.43,21.71,2.81,10
2012-04-21,Bulls,Brumbies,36,34,,1.1,27.99,6.18,10
2012-04-21,Sharks,Chiefs,12,18,,1.69,19.6,2.16,10
2012-04-20,Waratahs,Rebels,30,21,,1.11,27.96,5.97,10
2012-04-20,Hurricanes,Crusaders,14,42,,3.31,22.04,1.33,10
2012-04-20,Reds,Stormers,13,23,,2.1,19.42,1.73,10
2012-04-20,Highlanders,Blues,30,27,,1.51,20.55,2.53,10
2012-04-14,Lions,Bulls,18,32,,4.17,25.12,1.21,10
2012-04-14,Cheetahs,Chiefs,33,39,,2.08,19.41,1.75,10
2012-04-14,Brumbies,Rebels,37,6,,1.47,21.09,2.66,10
2012-04-14,Crusaders,Stormers,31,24,,1.58,19.49,2.39,10
2012-04-13,Force,Waratahs,18,23,,2.31,19.95,1.61,10
2012-04-13,Blues,Sharks,23,29,,1.67,20.05,2.19,10
2012-07-04,Bulls,Crusaders,32,30,,1.69,19.84,2.16,10
2012-07-04,Cheetahs,Lions,26,5,,1.44,21.66,2.77,10
2012-07-04,Highlanders,Stormers,6,21,,1.82,19.39,1.99,10
2012-06-04,Force,Chiefs,12,20,,2.73,20.36,1.46,10
2012-06-04,Reds,Brumbies,20,13,,1.68,20.57,2.18,10
2012-06-04,Hurricanes,Sharks,42,18,,1.97,18.98,1.84,10
2012-05-04,Rebels,Blues,34,23,,3.37,23.0,1.31,10
2012-03-31,Stormers,Bulls,20,17,,1.57,20.28,2.38,10
2012-03-31,Lions,Crusaders,13,23,,3.46,23.52,1.29,10
2012-03-31,Force,Reds,45,19,,2.05,19.54,1.75,10
2012-03-31,Brumbies,Sharks,26,29,,2.12,19.79,1.71,10
2012-03-31,Chiefs,Waratahs,30,13,,1.49,21.33,2.59,10
2012-03-31,Hurricanes,Cheetahs,38,47,,1.27,24.41,3.63,10
2012-03-30,Highlanders,Rebels,43,12,,1.31,22.8,3.37,10
2012-03-24,Lions,Stormers,19,24,,3.53,22.91,1.29,10
2012-03-24,Bulls,Reds,61,8,,1.28,23.34,3.59,10
2012-03-24,Brumbies,Highlanders,33,26,,2.31,20.56,1.61,10
2012-03-24,Crusaders,Cheetahs,28,21,,1.07,34.93,7.43,10
2012-03-24,Waratahs,Sharks,34,30,,1.62,20.45,2.29,10
2012-03-23,Rebels,Force,30,29,,2.06,19.36,1.77,10
2012-03-23,Blues,Hurricanes,25,26,,1.53,20.69,2.5,10
2012-03-18,Rebels,Cheetahs,26,33,,1.56,21.13,2.43,10
2012-03-17,Sharks,Reds,27,22,,1.58,20.0,2.4,10
2012-03-17,Waratahs,Force,20,21,,1.14,26.09,5.29,10
2012-03-17,Hurricanes,Highlanders,17,19,,2.02,19.73,1.81,10
2012-03-16,Stormers,Blues,27,17,,1.4,22.18,2.94,10
2012-03-16,Chiefs,Brumbies,29,22,,1.13,26.45,5.55,10
2012-10-03,Bulls,Blues,23,29,,1.42,20.68,2.86,10
2012-10-03,Sharks,Lions,32,20,,1.19,25.17,4.52,10
2012-10-03,Reds,Rebels,11,6,,1.12,26.3,5.81,10
2012-10-03,Highlanders,Waratahs,18,17,,1.69,19.25,2.19,10
2012-10-03,Brumbies,Cheetahs,24,23,,1.32,22.33,3.38,10
2012-09-03,Force,Hurricanes,19,46,,1.82,18.77,2.01,10
2012-09-03,Crusaders,Chiefs,19,24,,1.41,20.6,2.88,10
2012-03-03,Stormers,Sharks,15,12,,1.49,20.69,2.63,10
2012-03-03,Cheetahs,Bulls,19,51,,2.29,20.27,1.63,10
2012-03-03,Reds,Force,35,20,,1.18,26.2,4.63,10
2012-03-03,Highlanders,Crusaders,27,24,,2.99,21.8,1.39,10
2012-02-03,Lions,Hurricanes,28,30,,1.61,20.0,2.33,10
2012-02-03,Rebels,Waratahs,19,35,,3.06,22.2,1.38,10
2012-02-03,Chiefs,Blues,29,14,Y,2.54,20.2,1.52,10
2012-02-25,Lions,Cheetahs,27,25,Y,1.56,19.52,2.46,10
2012-02-25,Stormers,Hurricanes,39,26,Y,1.19,22.83,4.66,10
2012-02-25,Waratahs,Reds,21,25,Y,1.89,19.22,1.94,10
2012-02-25,Chiefs,Highlanders,19,23,Y,1.36,20.75,3.21,10
2012-02-24,Bulls,Sharks,18,13,,1.74,19.02,2.13,10
2012-02-24,Brumbies,Force,19,17,,1.6,19.81,2.35,10
2012-02-24,Blues,Crusaders,18,19,,1.68,19.43,2.21,10
2011-09-07,Reds,Crusaders,18,13,,2.43,18.5,1.58,10
2011-02-07,Stormers,Crusaders,10,29,,2.15,18.36,1.71,10
2011-02-07,Reds,Blues,30,13,,2.88,20.57,1.41,10
2011-06-25,Crusaders,Sharks,36,8,,1.13,26.25,5.34,10
2011-06-24,Blues,Waratahs,26,13,,1.27,22.71,3.56,10
2011-06-18,Cheetahs,Stormers,34,44,,3.25,21.29,1.33,10
2011-06-18,Bulls,Sharks,23,26,,1.34,21.43,3.15,10
2011-06-18,Waratahs,Brumbies,41,7,,1.26,22.25,3.77,10
2011-06-18,Crusaders,Hurricanes,16,9,,1.27,22.63,3.65,10
2011-06-18,Chiefs,Reds,11,19,,1.73,19.06,2.07,10
2011-06-17,Rebels,Force,24,27,,2.77,20.63,1.43,10
2011-06-17,Blues,Highlanders,33,16,,1.18,24.25,4.49,10
2011-11-06,Stormers,Bulls,16,19,,1.55,19.19,2.42,10
2011-11-06,Lions,Sharks,30,30,,3.66,23.0,1.26,10
2011-11-06,Force,Reds,21,24,,2.54,20.5,1.49,10
2011-11-06,Waratahs,Highlanders,33,7,,1.33,22.25,3.22,10
2011-11-06,Crusaders,Blues,23,16,,1.31,22.38,3.33,10
2011-10-06,Brumbies,Rebels,32,17,,1.21,24.63,4.23,10
2011-10-06,Chiefs,Hurricanes,18,18,,1.45,20.44,2.68,10
2011-04-06,Cheetahs,Sharks,18,23,,2.21,18.57,1.66,10
2011-04-06,Reds,Brumbies,14,22,,1.07,31.75,7.06,10
2011-04-06,Blues,Chiefs,11,16,,1.34,21.38,3.23,10
2011-04-06,Hurricanes,Lions,38,27,,1.16,24.25,4.87,10
2011-03-06,Bulls,Waratahs,23,17,,1.26,22.13,3.75,10
2011-03-06,Rebels,Stormers,3,40,,6.14,27.5,1.11,10
2011-03-06,Highlanders,Force,14,21,,1.28,22.29,3.52,10
2011-05-29,Reds,Crusaders,17,16,,2.17,18.0,1.68,10
2011-05-28,Bulls,Cheetahs,32,21,,1.25,22.57,3.79,10
2011-05-28,Sharks,Waratahs,26,21,,1.45,20.86,2.72,10
2011-05-28,Brumbies,Stormers,3,16,,3.48,22.0,1.29,10
2011-05-28,Highlanders,Lions,22,26,,1.11,26.75,5.92,10
2011-05-27,Hurricanes,Force,34,28,,1.1,27.0,6.44,10
2011-05-21,Sharks,Bulls,23,32,,1.68,19.14,2.17,10
2011-05-21,Cheetahs,Rebels,41,21,,1.07,28.71,7.21,10
2011-05-21,Force,Brumbies,13,13,,1.38,20.5,2.97,10
2011-05-21,Waratahs,Lions,29,12,,1.08,29.5,6.79,10
2011-05-21,Crusaders,Chiefs,25,19,,1.24,22.75,3.9,10
2011-05-20,Blues,Stormers,26,28,,1.4,20.5,2.87,10
2011-05-14,Cheetahs,Crusaders,33,20,,4.7,26.14,1.17,10
2011-05-14,Bulls,Rebels,47,10,,1.02,33.63,11.44,10
2011-05-14,Brumbies,Lions,20,29,,1.12,26.13,5.8,10
2011-05-14,Chiefs,Stormers,30,23,,2.23,18.81,1.64,10
2011-05-13,Reds,Blues,37,31,,1.6,18.63,2.31,10
2011-05-13,Highlanders,Hurricanes,13,6,,1.89,19.0,1.91,10
2011-07-05,Sharks,Brumbies,34,16,,1.12,26.71,5.5,10
2011-07-05,Stormers,Crusaders,14,20,,1.69,19.31,2.13,10
2011-07-05,Waratahs,Force,20,15,,1.35,21.38,3.11,10
2011-07-05,Chiefs,Highlanders,20,7,,1.64,19.44,2.22,10
2011-06-05,Lions,Cheetahs,19,53,,1.84,18.0,1.96,10
2011-06-05,Rebels,Reds,18,33,,6.16,27.75,1.1,10
2011-06-05,Hurricanes,Blues,11,17,,2.44,19.31,1.54,10
2011-04-30,Stormers,Sharks,32,12,,1.49,19.71,2.61,10
2011-04-30,Bulls,Chiefs,43,27,,1.43,20.38,2.81,10
2011-04-30,Force,Crusaders,30,42,,3.2,20.5,1.34,10
2011-04-30,Waratahs,Rebels,28,9,,1.19,25.0,4.53,10
2011-04-30,Hurricanes,Reds,28,26,,2.35,18.88,1.58,10
2011-04-29,Cheetahs,Brumbies,47,36,,1.71,19.14,2.1,10
2011-04-29,Highlanders,Blues,10,15,,2.21,18.75,1.66,10
2011-04-23,Lions,Chiefs,30,34,,2.37,18.94,1.57,10
2011-04-23,Sharks,Hurricanes,40,24,,1.23,22.86,3.98,10
2011-04-23,Force,Bulls,26,21,,2.4,18.81,1.55,10
2011-04-23,Reds,Waratahs,19,15,,1.46,19.63,2.68,10
2011-04-23,Crusaders,Highlanders,18,26,,1.08,30.13,6.98,10
2011-04-22,Blues,Rebels,40,23,,1.02,36.25,12.06,10
2011-04-17,Brumbies,Force,19,27,,1.32,21.75,3.28,10
2011-04-16,Cheetahs,Hurricanes,47,50,,1.79,18.86,2.02,10
2011-04-16,Lions,Stormers,19,33,,4.27,23.38,1.2,10
2011-04-16,Reds,Bulls,39,30,,1.36,21.13,3.08,10
2011-04-16,Blues,Waratahs,31,17,,1.39,20.75,2.91,10
2011-04-15,Rebels,Highlanders,18,40,,2.18,18.56,1.68,10
2011-04-15,Chiefs,Crusaders,16,34,,4.18,24.13,1.21,10
2011-09-04,Sharks,Lions,27,3,,1.18,24.5,4.54,10
2011-09-04,Stormers,Reds,6,19,,1.26,21.13,3.72,10
2011-09-04,Force,Waratahs,3,31,,2.78,20.25,1.42,10
2011-09-04,Brumbies,Hurricanes,17,16,,1.67,18.56,2.19,10
2011-09-04,Crusaders,Bulls,27,0,,1.25,22.13,3.78,10
2011-08-04,Highlanders,Cheetahs,24,21,,1.13,26.5,5.38,10
2011-02-04,Sharks,Stormers,6,16,,1.98,18.5,1.82,10
2011-02-04,Lions,Reds,25,30,,2.9,21.0,1.4,10
2011-02-04,Force,Rebels,25,26,,1.2,23.75,4.29,10
2011-02-04,Hurricanes,Bulls,14,26,,1.58,18.81,2.33,10
2011-02-04,Blues,Cheetahs,29,22,,1.01,37.13,12.13,10
2011-01-04,Waratahs,Chiefs,23,16,,1.37,21.0,3.06,10
2011-01-04,Highlanders,Brumbies,26,20,,1.38,20.78,2.99,10
2011-03-27,Crusaders,Sharks,44,28,,1.18,23.5,4.53,10
2011-03-26,Bulls,Lions,30,23,,1.16,26.0,4.89,10
2011-03-26,Stormers,Force,51,16,,1.18,24.75,4.59,10
2011-03-26,Brumbies,Waratahs,22,29,,2.26,19.19,1.63,10
2011-03-26,Chiefs,Blues,13,16,,2.05,18.44,1.77,10
2011-03-26,Reds,Cheetahs,41,8,,1.07,31.13,7.11,10
2011-03-25,Rebels,Hurricanes,42,25,,4.43,24.25,1.19,10
2011-03-19,Bulls,Stormers,13,23,,1.52,19.31,2.51,10
2011-03-19,Lions,Force,15,27,,1.57,19.31,2.36,10
2011-03-19,Waratahs,Cheetahs,3,23,,1.03,33.86,9.54,10
2011-03-19,Blues,Hurricanes,41,17,,1.55,19.44,2.42,10
2011-03-19,Highlanders,Crusaders,13,44,,4.31,24.0,1.2,10
2011-03-18,Reds,Rebels,53,3,,1.08,30.13,7.01,10
2011-03-18,Chiefs,Sharks,15,9,,1.75,18.94,2.06,10
2011-12-03,Cheetahs,Lions,20,25,,1.73,18.44,2.09,10
2011-12-03,Force,Blues,22,22,,3.28,22.13,1.32,10
2011-12-03,Hurricanes,Chiefs,29,26,,1.51,20.25,2.52,10
2011-11-03,Stormers,Highlanders,18,6,,1.39,20.75,2.95,10
2011-11-03,Rebels,Sharks,32,34,,4.66,24.13,1.18,10
2011-11-03,Crusaders,Brumbies,52,10,,1.08,30.25,7.12,10
2011-05-03,Bulls,Highlanders,28,35,,1.12,28.57,5.83,10
2011-05-03,Stormers,Cheetahs,21,15,,1.17,25.14,4.69,10
2011-05-03,Force,Sharks,12,39,,2.3,18.83,1.61,10
2011-05-03,Brumbies,Reds,25,31,,1.41,20.43,2.85,10
2011-05-03,Chiefs,Rebels,38,10,,1.13,27.71,5.35,10
2011-04-03,Lions,Blues,32,41,,2.22,18.79,1.64,10
2011-04-03,Crusaders,Waratahs,33,18,,1.48,19.83,2.62,10
2011-02-26,Stormers,Lions,19,16,,1.18,25.0,4.56,10
2011-02-26,Sharks,Blues,26,12,,1.53,18.92,2.49,10
2011-02-26,Waratahs,Reds,30,6,,1.36,21.17,3.07,10
2011-02-25,Cheetahs,Bulls,23,25,,5.77,28.29,1.12,10
2011-02-25,Rebels,Brumbies,25,24,,5.68,27.33,1.13,10
2011-02-25,Highlanders,Chiefs,23,13,,2.41,18.92,1.57,10
2011-02-20,Reds,Force,21,20,,1.17,25.0,4.74,10
2011-02-19,Lions,Bulls,20,24,,5.38,28.17,1.13,10
2011-02-19,Sharks,Cheetahs,24,9,,1.14,27.14,5.21,10
2011-02-19,Brumbies,Chiefs,28,20,,1.67,18.92,2.2,10
2011-02-19,Blues,Crusaders,24,22,,2.04,18.92,1.78,10
2011-02-18,Rebels,Waratahs,0,43,,3.44,22.5,1.31,10
2011-02-18,Hurricanes,Highlanders,9,14,,1.13,28.5,5.56,10
2010-05-29,Bulls,Stormers,25,17,,1.47,20.0,2.7,10
2010-05-22,Stormers,Waratahs,25,6,,1.32,21.14,3.34,10
2010-05-22,Bulls,Crusaders,39,24,,1.4,20.71,2.94,10
2010-05-15,Stormers,Bulls,38,10,,1.11,27.14,6.23,10
2010-05-15,Cheetahs,Lions,59,10,,1.14,24.57,5.17,10
2010-05-15,Reds,Highlanders,38,36,,1.18,24.14,4.62,10
2010-05-15,Blues,Chiefs,30,20,,1.17,25.14,4.73,10
2010-05-14,Sharks,Force,27,22,,1.14,26.86,5.1,10
2010-05-14,Waratahs,Hurricanes,32,16,,1.63,20.29,2.23,10
2010-05-14,Crusaders,Brumbies,40,22,,1.4,21.86,2.91,10
2010-08-05,Sharks,Stormers,20,14,,2.7,20.57,1.45,10
2010-08-05,Cheetahs,Force,29,14,,1.98,18.67,1.82,10
2010-08-05,Lions,Blues,14,56,,3.43,22.0,1.3,10
2010-08-05,Brumbies,Highlanders,31,3,,1.13,27.29,5.25,10
2010-08-05,Chiefs,Waratahs,19,46,,2.15,19.14,1.69,10
2010-07-05,Bulls,Crusaders,40,35,,1.27,23.29,3.66,10
2010-07-05,Hurricanes,Reds,44,21,,1.43,21.43,2.75,10
2010-01-05,Bulls,Sharks,27,19,,1.28,22.0,3.59,10
2010-01-05,Lions,Force,12,33,,2.39,19.43,1.56,10
2010-01-05,Cheetahs,Blues,36,32,,2.78,20.43,1.42,10
2010-01-05,Brumbies,Reds,32,12,,1.85,17.71,1.96,10
2010-01-05,Hurricanes,Chiefs,33,27,,1.16,25.57,4.96,10
2010-04-30,Stormers,Crusaders,42,14,,1.56,19.43,2.4,10
2010-04-30,Highlanders,Waratahs,26,10,,2.78,20.29,1.43,10
2010-04-24,Sharks,Blues,23,10,,1.57,19.29,2.36,10
2010-04-24,Bulls,Lions,51,11,,1.03,35.71,10.64,10
2010-04-24,Waratahs,Brumbies,19,12,,1.55,19.29,2.4,10
2010-04-24,Highlanders,Hurricanes,31,33,,3.35,21.14,1.32,10
2010-04-23,Force,Crusaders,24,16,,5.03,24.71,1.15,10
2010-04-23,Reds,Stormers,16,13,,2.04,18.43,1.78,10
2010-04-23,Chiefs,Cheetahs,25,25,,1.06,32.86,7.56,10
2010-04-17,Lions,Sharks,28,32,,4.23,23.57,1.21,10
2010-04-17,Reds,Bulls,19,12,,2.32,20.0,1.59,10
2010-04-17,Crusaders,Cheetahs,45,6,,1.01,40.83,13.5,10
2010-04-17,Blues,Force,38,17,,1.26,23.14,3.76,10
2010-04-16,Brumbies,Hurricanes,13,23,,1.47,21.14,2.62,10
2010-04-16,Chiefs,Stormers,15,49,,2.07,18.43,1.76,10
2010-10-04,Lions,Reds,26,41,,3.14,21.14,1.36,10
2010-10-04,Brumbies,Cheetahs,61,15,,1.04,32.0,8.89,10
2010-10-04,Crusaders,Waratahs,20,13,,1.28,22.86,3.54,10
2010-10-04,Blues,Stormers,21,33,,1.36,22.14,3.04,10
2010-10-04,Highlanders,Force,27,41,,1.38,21.57,2.98,10
2010-09-04,Chiefs,Bulls,19,33,,1.8,19.67,2.0,10
2010-03-04,Sharks,Reds,30,28,,1.51,20.29,2.5,10
2010-03-04,Waratahs,Cheetahs,40,17,,1.09,29.43,6.54,10
2010-03-04,Chiefs,Highlanders,27,21,,1.2,23.14,4.28,10
2010-03-04,Blues,Bulls,32,17,,1.88,18.0,1.92,10
2010-02-04,Force,Stormers,16,15,,3.29,21.86,1.32,10
2010-02-04,Hurricanes,Crusaders,26,26,,2.36,19.29,1.57,10
2010-03-27,Force,Bulls,15,28,,4.84,25.14,1.17,10
2010-03-27,Waratahs,Blues,39,32,,1.62,18.86,2.27,10
2010-03-27,Hurricanes,Sharks,26,29,,1.46,20.43,2.65,10
2010-03-26,Cheetahs,Reds,10,31,,1.98,18.57,1.83,10
2010-03-26,Brumbies,Chiefs,30,23,,1.64,18.86,2.24,10
2010-03-26,Highlanders,Lions,39,29,,1.12,30.17,5.78,10
2010-03-20,Stormers,Cheetahs,21,8,,1.19,22.29,4.55,10
2010-03-20,Force,Waratahs,10,14,,4.28,21.86,1.21,10
2010-03-20,Highlanders,Sharks,16,30,,2.08,18.0,1.75,10
2010-03-20,Crusaders,Lions,46,19,,1.01,36.25,13.0,10
2010-03-19,Bulls,Hurricanes,19,18,,1.13,26.29,5.61,10
2010-03-19,Blues,Brumbies,39,34,,1.67,18.71,2.19,10
2010-03-14,Reds,Force,50,10,,1.31,22.57,3.38,10
2010-03-13,Stormers,Hurricanes,37,13,,1.51,20.0,2.52,10
2010-03-13,Bulls,Highlanders,50,35,,1.03,35.71,10.21,10
2010-03-13,Brumbies,Sharks,24,22,,1.25,22.71,3.76,10
2010-12-03,Waratahs,Lions,73,12,,1.08,32.17,7.25,10
2010-12-03,Chiefs,Crusaders,19,26,,2.21,19.14,1.66,10
2010-06-03,Cheetahs,Hurricanes,28,12,,2.67,18.33,1.47,10
2010-06-03,Stormers,Highlanders,33,0,,1.35,20.17,3.16,10
2010-06-03,Waratahs,Sharks,25,21,,1.27,22.0,3.61,10
2010-06-03,Crusaders,Blues,33,20,,1.21,21.43,4.27,10
2010-05-03,Brumbies,Lions,24,13,,1.04,33.67,9.67,10
2010-05-03,Chiefs,Reds,18,23,,1.06,28.29,7.86,10
2010-02-27,Bulls,Waratahs,48,38,,1.13,27.57,5.34,10
2010-02-27,Cheetahs,Highlanders,24,31,,1.47,19.57,2.64,10
2010-02-27,Force,Chiefs,19,37,,3.1,21.0,1.36,10
2010-02-27,Reds,Blues,18,27,,1.67,18.29,2.19,10
2010-02-27,Hurricanes,Lions,33,18,,1.02,40.33,11.5,10
2010-02-26,Stormers,Brumbies,17,19,,1.53,19.71,2.47,10
2010-02-26,Crusaders,Sharks,35,6,,1.15,25.57,5.1,10
2010-02-20,Stormers,Waratahs,27,6,,1.42,19.57,2.84,10
2010-02-20,Bulls,Brumbies,50,32,,1.38,20.43,2.99,10
2010-02-20,Hurricanes,Force,47,22,,1.06,32.14,7.9,10
2010-02-19,Lions,Chiefs,65,72,,3.54,21.43,1.29,10
2010-02-19,Sharks,Cheetahs,20,25,,1.25,22.29,3.8,10
2010-02-19,Reds,Crusaders,41,20,,4.47,24.33,1.19,10
2010-02-19,Highlanders,Blues,15,19,,1.97,19.0,1.85,10
2010-02-13,Sharks,Chiefs,18,19,Y,1.45,21.0,2.69,10
2010-02-13,Lions,Stormers,13,26,Y,3.22,22.67,1.34,10
2010-02-13,Reds,Waratahs,28,30,Y,2.71,20.33,1.45,10
2010-02-13,Crusaders,Highlanders,32,17,,1.14,29.67,5.5,10
2010-12-02,Cheetahs,Bulls,34,51,,4.03,23.33,1.23,10
2010-12-02,Force,Brumbies,15,24,,2.57,21.0,1.49,10
2010-12-02,Blues,Hurricanes,20,34,,2.12,19.67,1.72,10
2009-05-30,Bulls,Chiefs,61,17,,1.37,20.0,3.09,10
2009-05-23,Bulls,Crusaders,36,23,,1.43,21.33,2.83,10
2009-05-22,Chiefs,Hurricanes,14,10,,1.85,17.6,1.94,10
2009-05-16,Sharks,Bulls,26,27,,2.08,19.0,1.73,10
2009-05-16,Cheetahs,Stormers,22,28,,1.78,19.17,2.02,10
2009-05-16,Force,Highlanders,33,28,,1.21,23.0,4.1,10
2009-05-16,Reds,Hurricanes,28,37,,5.7,30.17,1.11,10
2009-05-16,Blues,Crusaders,13,15,,2.57,21.33,1.49,10
2009-05-15,Lions,Waratahs,33,38,,2.67,21.5,1.46,10
2009-05-15,Chiefs,Brumbies,10,7,,1.23,23.5,4.03,10
2009-09-05,Stormers,Force,25,24,,2.1,17.83,1.73,10
2009-09-05,Bulls,Cheetahs,29,20,,1.1,29.83,6.17,10
2009-09-05,Sharks,Waratahs,12,16,,1.41,20.17,2.85,10
2009-09-05,Brumbies,Blues,37,15,,1.5,20.33,2.53,10
2009-09-05,Chiefs,Hurricanes,16,8,,1.82,17.83,1.97,10
2009-08-05,Lions,Highlanders,27,22,,1.92,17.2,1.86,10
2009-08-05,Crusaders,Reds,32,12,,1.06,34.17,7.63,10
2009-02-05,Stormers,Chiefs,14,28,,2.02,18.83,1.77,10
2009-02-05,Bulls,Force,32,29,,1.29,23.17,3.47,10
2009-02-05,Sharks,Highlanders,23,15,,1.12,28.33,5.75,10
2009-02-05,Reds,Brumbies,13,52,,1.94,17.83,1.86,10
2009-01-05,Cheetahs,Waratahs,10,18,,2.16,18.83,1.69,10
2009-01-05,Lions,Crusaders,20,32,,2.52,20.67,1.5,10
2009-01-05,Hurricanes,Blues,45,27,,1.26,24.33,3.69,10
2009-04-25,Bulls,Chiefs,33,27,,1.5,20.67,2.55,10
2009-04-25,Cheetahs,Crusaders,20,13,,3.43,23.33,1.29,10
2009-04-25,Hurricanes,Brumbies,56,7,,1.31,22.5,3.32,10
2009-04-25,Blues,Reds,24,31,,1.09,31.5,6.37,10
2009-04-24,Force,Lions,55,14,,1.23,24.67,4.08,10
2009-04-24,Highlanders,Stormers,11,18,,1.43,22.17,2.78,10
2009-04-18,Sharks,Crusaders,10,13,,1.4,21.5,2.86,10
2009-04-18,Cheetahs,Chiefs,10,28,,2.82,21.83,1.41,10
2009-04-18,Waratahs,Force,14,15,,1.55,19.33,2.41,10
2009-04-18,Reds,Lions,20,31,,1.36,22.0,3.08,10
2009-04-18,Hurricanes,Stormers,34,11,,1.28,23.0,3.55,10
2009-04-17,Brumbies,Bulls,32,31,,1.7,19.17,2.12,10
2009-04-17,Blues,Highlanders,26,6,,1.32,22.17,3.3,10
2009-11-04,Cheetahs,Sharks,31,6,,5.84,31.17,1.11,10
2009-11-04,Waratahs,Bulls,6,20,,1.61,20.0,2.26,10
2009-11-04,Highlanders,Reds,24,19,,1.35,22.67,3.08,10
2009-10-04,Force,Hurricanes,27,28,,1.89,18.0,1.9,10
2009-10-04,Blues,Lions,36,12,,1.09,29.83,6.58,10
2009-04-04,Cheetahs,Brumbies,27,40,,2.33,19.83,1.58,10
2009-04-04,Waratahs,Stormers,12,6,,1.42,22.0,2.79,10
2009-04-04,Chiefs,Lions,36,29,,1.03,38.17,9.83,10
2009-04-04,Sharks,Hurricanes,33,17,,1.38,22.0,2.94,10
2009-03-04,Crusaders,Bulls,16,13,,1.6,20.0,2.28,10
2009-03-28,Lions,Hurricanes,32,38,,2.56,21.0,1.49,10
2009-03-28,Sharks,Brumbies,35,14,,1.2,24.67,4.27,10
2009-03-28,Reds,Chiefs,26,50,,2.3,19.0,1.6,10
2009-03-28,Crusaders,Stormers,11,7,,1.38,21.83,2.95,10
2009-03-28,Highlanders,Bulls,36,12,,2.52,20.67,1.51,10
2009-03-27,Blues,Waratahs,22,27,,1.46,21.0,2.64,10
2009-03-21,Lions,Brumbies,25,17,,2.29,20.0,1.59,10
2009-03-21,Force,Sharks,10,22,,2.18,19.4,1.67,10
2009-03-21,Waratahs,Crusaders,13,17,,1.49,20.6,2.56,10
2009-03-21,Chiefs,Blues,63,34,,1.9,18.4,1.88,10
2009-03-21,Highlanders,Cheetahs,32,8,,1.13,27.4,5.4,10
2009-03-20,Hurricanes,Bulls,14,19,,1.46,21.0,2.65,10
2009-03-14,Stormers,Lions,56,18,,1.26,21.67,3.72,10
2009-03-14,Reds,Sharks,25,13,,2.92,20.33,1.4,10
2009-03-14,Highlanders,Chiefs,10,14,,2.29,19.5,1.6,10
2009-03-14,Crusaders,Force,23,23,,1.56,19.17,2.4,10
2009-03-13,Brumbies,Waratahs,21,11,,1.91,18.0,1.89,10
2009-03-13,Blues,Cheetahs,46,12,,1.04,34.5,8.63,10
2009-07-03,Bulls,Stormers,14,10,,1.33,22.0,3.24,10
2009-07-03,Highlanders,Crusaders,6,0,,2.82,20.67,1.41,10
2009-07-03,Blues,Sharks,31,35,,1.75,18.17,2.06,10
2009-07-03,Hurricanes,Cheetahs,29,12,,1.05,33.2,8.15,10
2009-02-14,Stormers,Sharks,15,20,,2.02,18.4,1.77,10
2009-02-14,Hurricanes,Waratahs,22,26,,1.37,21.4,3.02,10
2009-02-14,Crusaders,Chiefs,19,13,,1.32,21.4,3.29,10
2009-02-13,Lions,Cheetahs,34,28,,1.59,20.2,2.3,10
2009-02-13,Force,Blues,19,25,,2.03,19.4,1.78,10
2009-02-13,Highlanders,Brumbies,31,33,,2.21,20.0,1.64,10
